[0m11:18:20.701318 [debug] [MainThread]: Sending event: {'category': 'dbt', 'action': 'invocation', 'label': 'start', 'context': [<snowplow_tracker.self_describing_json.SelfDescribingJson object at 0x00000177944C9FD0>, <snowplow_tracker.self_describing_json.SelfDescribingJson object at 0x000001779205CB90>, <snowplow_tracker.self_describing_json.SelfDescribingJson object at 0x0000017796DF7D90>]}


============================== 11:18:20.740507 | 3f82896a-a9f6-4157-b28d-6e53f6df9902 ==============================
[0m11:18:20.740507 [info ] [MainThread]: Running with dbt=1.12.3
[0m11:18:20.746481 [debug] [MainThread]: running dbt with arguments {'version_check': 'True', 'no_print': 'None', 'maximum_seed_size_mib': '1', 'warn_error_options': 'WarnErrorOptionsV2(error=[], warn=[], silence=[])', 'static_parser': 'True', 'target_path': 'None', 'printer_width': '80', 'write_json': 'True', 'empty': 'None', 'log_cache_events': 'False', 'introspect': 'True', 'cache_selected_only': 'False', 'log_format': 'default', 'debug': 'False', 'fail_fast': 'False', 'partial_parse': 'True', 'send_anonymous_usage_stats': 'True', 'quiet': 'False', 'warn_error': 'None', 'profiles_dir': '.', 'use_colors': 'True', 'hints_enabled': 'True', 'indirect_selection': 'eager', 'use_experimental_parser': 'False', 'invocation_command': 'dbt debug --profiles-dir .', 'log_path': 'logs'}
[0m11:18:21.200212 [info ] [MainThread]: dbt version: 1.12.3
[0m11:18:21.201023 [info ] [MainThread]: python version: 3.14.7
[0m11:18:21.201824 [info ] [MainThread]: python path: C:\Users\Mirela\Desktop\sweden-power-lakehouse\.venv\Scripts\python.exe
[0m11:18:21.202598 [info ] [MainThread]: os info: Windows-11-10.0.22631-SP0
[0m11:18:21.203548 [info ] [MainThread]: Using profiles dir at .
[0m11:18:21.204597 [info ] [MainThread]: Using profiles.yml file at .\profiles.yml
[0m11:18:21.205233 [info ] [MainThread]: Using dbt_project.yml file at C:\Users\Mirela\Desktop\sweden-power-lakehouse\dbt\dbt_project.yml
[0m11:18:21.206036 [info ] [MainThread]: Configuration:
[0m11:18:21.206816 [info ] [MainThread]:   profiles.yml file [[31mERROR not found[0m]
[0m11:18:21.207518 [info ] [MainThread]:   dbt_project.yml file [[31mERROR not found[0m]
[0m11:18:21.208466 [info ] [MainThread]: Required dependencies:
[0m11:18:21.209405 [debug] [MainThread]: Executing "git --help"
[0m11:18:21.735256 [debug] [MainThread]: STDOUT: "b"usage: git [-v | --version] [-h | --help] [-C <path>] [-c <name>=<value>]\n           [--exec-path[=<path>]] [--html-path] [--man-path] [--info-path]\n           [-p | --paginate | -P | --no-pager] [--no-replace-objects] [--no-lazy-fetch]\n           [--no-optional-locks] [--no-advice] [--bare] [--git-dir=<path>]\n           [--work-tree=<path>] [--namespace=<name>] [--config-env=<name>=<envvar>]\n           <command> [<args>]\n\nThese are common Git commands used in various situations:\n\nstart a working area (see also: git help tutorial)\n   clone      Clone a repository into a new directory\n   init       Create an empty Git repository or reinitialize an existing one\n\nwork on the current change (see also: git help everyday)\n   add        Add file contents to the index\n   mv         Move or rename a file, a directory, or a symlink\n   restore    Restore working tree files\n   rm         Remove files from the working tree and from the index\n\nexamine the history and state (see also: git help revisions)\n   bisect     Use binary search to find the commit that introduced a bug\n   diff       Show changes between commits, commit and working tree, etc\n   grep       Print lines matching a pattern\n   log        Show commit logs\n   show       Show various types of objects\n   status     Show the working tree status\n\ngrow, mark and tweak your common history\n   backfill   Download missing objects in a partial clone\n   branch     List, create, or delete branches\n   commit     Record changes to the repository\n   history    EXPERIMENTAL: Rewrite history\n   merge      Join two or more development histories together\n   rebase     Reapply commits on top of another base tip\n   reset      Set `HEAD` or the index to a known state\n   switch     Switch branches\n   tag        Create, list, delete or verify tags\n\ncollaborate (see also: git help workflows)\n   fetch      Download objects and refs from another repository\n   pull       Fetch from and integrate with another repository or a local branch\n   push       Update remote refs along with associated objects\n\n'git help -a' and 'git help -g' list available subcommands and some\nconcept guides. See 'git help <command>' or 'git help <concept>'\nto read about a specific subcommand or concept.\nSee 'git help git' for an overview of the system.\n""
[0m11:18:21.736044 [debug] [MainThread]: STDERR: "b''"
[0m11:18:21.736530 [info ] [MainThread]:  - git [[32mOK found[0m]

[0m11:18:21.737379 [info ] [MainThread]: Connection test skipped since no profile was found
[0m11:18:21.738704 [info ] [MainThread]: [31m2 checks failed:[0m
[0m11:18:21.740348 [info ] [MainThread]: dbt looked for a profiles.yml file in .\profiles.yml, but did
not find one. For more information on configuring your profile, consult the
documentation:

https://docs.getdbt.com/docs/configure-your-profile


[0m11:18:21.741729 [info ] [MainThread]: Project loading failed for the following reason:
 project path <C:\Users\Mirela\Desktop\sweden-power-lakehouse\dbt\dbt_project.yml> not found

[0m11:18:21.744271 [debug] [MainThread]: Command `dbt debug` failed at 11:18:21.743967 after 1.73 seconds
[0m11:18:21.745280 [debug] [MainThread]: Sending event: {'category': 'dbt', 'action': 'invocation', 'label': 'end', 'context': [<snowplow_tracker.self_describing_json.SelfDescribingJson object at 0x0000017796EC03E0>, <snowplow_tracker.self_describing_json.SelfDescribingJson object at 0x0000017796C479B0>, <snowplow_tracker.self_describing_json.SelfDescribingJson object at 0x0000017796E2B350>]}
[0m11:18:21.746192 [debug] [MainThread]: Flushing usage events
[0m11:18:22.557167 [debug] [MainThread]: An error was encountered while trying to flush usage events
[0m11:21:24.208765 [debug] [MainThread]: Sending event: {'category': 'dbt', 'action': 'invocation', 'label': 'start', 'context': [<snowplow_tracker.self_describing_json.SelfDescribingJson object at 0x000002226BBC9FD0>, <snowplow_tracker.self_describing_json.SelfDescribingJson object at 0x000002226975CB90>, <snowplow_tracker.self_describing_json.SelfDescribingJson object at 0x000002226E4FBD90>]}


============================== 11:21:24.216699 | 942196fb-7833-40ea-bbc1-5cf5d8045732 ==============================
[0m11:21:24.216699 [info ] [MainThread]: Running with dbt=1.12.3
[0m11:21:24.217880 [debug] [MainThread]: running dbt with arguments {'version_check': 'True', 'no_print': 'None', 'static_parser': 'True', 'warn_error_options': 'WarnErrorOptionsV2(error=[], warn=[], silence=[])', 'target_path': 'None', 'maximum_seed_size_mib': '1', 'printer_width': '80', 'write_json': 'True', 'empty': 'None', 'log_cache_events': 'False', 'introspect': 'True', 'cache_selected_only': 'False', 'fail_fast': 'False', 'debug': 'False', 'log_format': 'default', 'partial_parse': 'True', 'send_anonymous_usage_stats': 'True', 'quiet': 'False', 'warn_error': 'None', 'profiles_dir': '.', 'use_colors': 'True', 'hints_enabled': 'True', 'invocation_command': 'dbt debug --profiles-dir .', 'use_experimental_parser': 'False', 'indirect_selection': 'eager', 'log_path': 'C:\\Users\\Mirela\\Desktop\\sweden-power-lakehouse\\dbt\\logs'}
[0m11:21:24.264957 [info ] [MainThread]: dbt version: 1.12.3
[0m11:21:24.265886 [info ] [MainThread]: python version: 3.14.7
[0m11:21:24.266974 [info ] [MainThread]: python path: C:\Users\Mirela\Desktop\sweden-power-lakehouse\.venv\Scripts\python.exe
[0m11:21:24.267933 [info ] [MainThread]: os info: Windows-11-10.0.22631-SP0
[0m11:21:27.468803 [debug] [MainThread]: Spark adapter: Setting pyhive.hive logging to ERROR
[0m11:21:27.483778 [debug] [MainThread]: Spark adapter: Setting thrift.transport logging to ERROR
[0m11:21:27.484490 [debug] [MainThread]: Spark adapter: Setting thrift.protocol logging to ERROR
[0m11:21:33.055976 [info ] [MainThread]: Using profiles dir at .
[0m11:21:33.056833 [info ] [MainThread]: Using profiles.yml file at .\profiles.yml
[0m11:21:33.057548 [info ] [MainThread]: Using dbt_project.yml file at C:\Users\Mirela\Desktop\sweden-power-lakehouse\dbt\dbt_project.yml
[0m11:21:33.058307 [info ] [MainThread]: adapter type: databricks
[0m11:21:33.059206 [info ] [MainThread]: adapter version: 1.12.5
[0m11:21:33.239687 [info ] [MainThread]: Configuration:
[0m11:21:33.240551 [info ] [MainThread]:   profiles.yml file [[32mOK found and valid[0m]
[0m11:21:33.241382 [info ] [MainThread]:   dbt_project.yml file [[32mOK found and valid[0m]
[0m11:21:33.242158 [info ] [MainThread]: Required dependencies:
[0m11:21:33.243099 [debug] [MainThread]: Executing "git --help"
[0m11:21:33.305781 [debug] [MainThread]: STDOUT: "b"usage: git [-v | --version] [-h | --help] [-C <path>] [-c <name>=<value>]\n           [--exec-path[=<path>]] [--html-path] [--man-path] [--info-path]\n           [-p | --paginate | -P | --no-pager] [--no-replace-objects] [--no-lazy-fetch]\n           [--no-optional-locks] [--no-advice] [--bare] [--git-dir=<path>]\n           [--work-tree=<path>] [--namespace=<name>] [--config-env=<name>=<envvar>]\n           <command> [<args>]\n\nThese are common Git commands used in various situations:\n\nstart a working area (see also: git help tutorial)\n   clone      Clone a repository into a new directory\n   init       Create an empty Git repository or reinitialize an existing one\n\nwork on the current change (see also: git help everyday)\n   add        Add file contents to the index\n   mv         Move or rename a file, a directory, or a symlink\n   restore    Restore working tree files\n   rm         Remove files from the working tree and from the index\n\nexamine the history and state (see also: git help revisions)\n   bisect     Use binary search to find the commit that introduced a bug\n   diff       Show changes between commits, commit and working tree, etc\n   grep       Print lines matching a pattern\n   log        Show commit logs\n   show       Show various types of objects\n   status     Show the working tree status\n\ngrow, mark and tweak your common history\n   backfill   Download missing objects in a partial clone\n   branch     List, create, or delete branches\n   commit     Record changes to the repository\n   history    EXPERIMENTAL: Rewrite history\n   merge      Join two or more development histories together\n   rebase     Reapply commits on top of another base tip\n   reset      Set `HEAD` or the index to a known state\n   switch     Switch branches\n   tag        Create, list, delete or verify tags\n\ncollaborate (see also: git help workflows)\n   fetch      Download objects and refs from another repository\n   pull       Fetch from and integrate with another repository or a local branch\n   push       Update remote refs along with associated objects\n\n'git help -a' and 'git help -g' list available subcommands and some\nconcept guides. See 'git help <command>' or 'git help <concept>'\nto read about a specific subcommand or concept.\nSee 'git help git' for an overview of the system.\n""
[0m11:21:33.306652 [debug] [MainThread]: STDERR: "b''"
[0m11:21:33.307213 [info ] [MainThread]:  - git [[32mOK found[0m]

[0m11:21:33.307994 [info ] [MainThread]: Connection:
[0m11:21:33.309070 [info ] [MainThread]:   host: dbc-be67c292-5250.cloud.databricks.com
[0m11:21:33.309904 [info ] [MainThread]:   http_path: /sql/1.0/warehouses/2b656d5fcdf39207
[0m11:21:33.310849 [info ] [MainThread]:   catalog: workspace
[0m11:21:33.311765 [info ] [MainThread]:   schema: silver
[0m11:21:33.313261 [info ] [MainThread]: Registered adapter: databricks=1.12.5
[0m11:21:34.118757 [debug] [MainThread]: Databricks adapter: DatabricksDBTConnection(session-id=None, name=debug) - Creating connection
[0m11:21:34.119334 [debug] [MainThread]: Acquiring new databricks connection 'debug'
[0m11:21:34.746680 [info ] [MainThread]: Databricks adapter:   SPOG host (host_type='workspace'): no
[0m11:21:34.747592 [info ] [MainThread]: Databricks adapter:   workspace_id (from ?o= in http_path): None
[0m11:21:34.749022 [info ] [MainThread]: Databricks adapter:   databricks-sql-connector version: 4.4.0 (supported)
[0m11:21:34.749909 [info ] [MainThread]: Databricks adapter:   databricks-sdk version: 0.117.0 (supported)
[0m11:21:34.751167 [debug] [MainThread]: Using databricks connection "debug"
[0m11:21:34.752070 [debug] [MainThread]: On debug: select 1 as id
[0m11:21:34.752614 [debug] [MainThread]: Opening a new connection, currently in state init
[0m11:21:36.703857 [debug] [MainThread]: Databricks adapter: Connection(session-id=01f1b279-2d5a-11a6-ba5b-a86be7fc2995) - Created
[0m11:21:48.294614 [debug] [MainThread]: SQL status: OK in 13.540 seconds
[0m11:21:48.295991 [debug] [MainThread]: Databricks adapter: Cursor(session-id=01f1b279-2d5a-11a6-ba5b-a86be7fc2995, command-id=01f1b279-2ddc-1bea-8ca7-6711a59570fa) - Closing
[0m11:21:48.593470 [debug] [MainThread]: On debug: Close
[0m11:21:48.594320 [debug] [MainThread]: Databricks adapter: Connection(session-id=01f1b279-2d5a-11a6-ba5b-a86be7fc2995) - Closing
[0m11:21:48.805779 [info ] [MainThread]:   Connection test: [[32mOK connection ok[0m]

[0m11:21:48.806616 [info ] [MainThread]: [32mAll checks passed![0m
[0m11:21:48.808861 [debug] [MainThread]: Command `dbt debug` succeeded at 11:21:48.808557 after 25.06 seconds
[0m11:21:48.809995 [debug] [MainThread]: Sending event: {'category': 'dbt', 'action': 'invocation', 'label': 'end', 'context': [<snowplow_tracker.self_describing_json.SelfDescribingJson object at 0x000002227ADCDBA0>, <snowplow_tracker.self_describing_json.SelfDescribingJson object at 0x000002227B0F0950>, <snowplow_tracker.self_describing_json.SelfDescribingJson object at 0x000002227AF6A8B0>]}
[0m11:21:48.810815 [debug] [MainThread]: Flushing usage events
[0m11:21:49.330263 [debug] [MainThread]: An error was encountered while trying to flush usage events
[0m11:26:37.671437 [debug] [MainThread]: Sending event: {'category': 'dbt', 'action': 'invocation', 'label': 'start', 'context': [<snowplow_tracker.self_describing_json.SelfDescribingJson object at 0x0000023A4F3C9FD0>, <snowplow_tracker.self_describing_json.SelfDescribingJson object at 0x0000023A4CF5CB90>, <snowplow_tracker.self_describing_json.SelfDescribingJson object at 0x0000023A51CFBD90>]}


============================== 11:26:37.678788 | 5cdce9ee-d225-40eb-ad75-a389dce4943d ==============================
[0m11:26:37.678788 [info ] [MainThread]: Running with dbt=1.12.3
[0m11:26:37.680015 [debug] [MainThread]: running dbt with arguments {'maximum_seed_size_mib': '1', 'no_print': 'None', 'version_check': 'True', 'target_path': 'None', 'static_parser': 'True', 'warn_error_options': 'WarnErrorOptionsV2(error=[], warn=[], silence=[])', 'printer_width': '80', 'write_json': 'True', 'empty': 'None', 'log_cache_events': 'False', 'introspect': 'True', 'cache_selected_only': 'False', 'log_format': 'default', 'debug': 'False', 'fail_fast': 'False', 'profiles_dir': '.', 'send_anonymous_usage_stats': 'True', 'quiet': 'False', 'warn_error': 'None', 'partial_parse': 'True', 'use_colors': 'True', 'hints_enabled': 'True', 'indirect_selection': 'eager', 'use_experimental_parser': 'False', 'invocation_command': 'dbt deps --profiles-dir .', 'log_path': 'C:\\Users\\Mirela\\Desktop\\sweden-power-lakehouse\\dbt\\logs'}
[0m11:26:38.150951 [debug] [MainThread]: Sending event: {'category': 'dbt', 'action': 'project_id', 'label': '5cdce9ee-d225-40eb-ad75-a389dce4943d', 'context': [<snowplow_tracker.self_describing_json.SelfDescribingJson object at 0x0000023A51DA0FC0>]}
[0m11:26:38.209860 [debug] [MainThread]: Set downloads directory='C:\Users\Mirela\AppData\Local\Temp\dbt-downloads-rpvt2h93'
[0m11:26:38.210860 [debug] [MainThread]: Making package index registry request: GET https://hub.getdbt.com/api/v1/index.json
[0m11:26:38.333776 [debug] [MainThread]: Response from registry index: GET https://hub.getdbt.com/api/v1/index.json 200
[0m11:26:38.336247 [debug] [MainThread]: Making package registry request: GET https://hub.getdbt.com/api/v1/dbt-labs/dbt_utils.json
[0m11:26:38.392478 [debug] [MainThread]: Response from registry: GET https://hub.getdbt.com/api/v1/dbt-labs/dbt_utils.json 200
[0m11:26:38.426754 [info ] [MainThread]: Updating lock file in file path: C:\Users\Mirela\Desktop\sweden-power-lakehouse\dbt/package-lock.yml
[0m11:26:38.494293 [debug] [MainThread]: Set downloads directory='C:\Users\Mirela\AppData\Local\Temp\dbt-downloads-wjtfw_sm'
[0m11:26:38.499650 [info ] [MainThread]: Installing dbt-labs/dbt_utils
[0m11:26:39.485723 [info ] [MainThread]: Installed from version 1.4.1
[0m11:26:39.486573 [info ] [MainThread]: Up to date!
[0m11:26:39.487685 [debug] [MainThread]: Sending event: {'category': 'dbt', 'action': 'package', 'label': '5cdce9ee-d225-40eb-ad75-a389dce4943d', 'property_': 'install', 'context': [<snowplow_tracker.self_describing_json.SelfDescribingJson object at 0x0000023A51E91F20>, <snowplow_tracker.self_describing_json.SelfDescribingJson object at 0x0000023A4FFF9BF0>]}
[0m11:26:39.493861 [debug] [MainThread]: Command `dbt deps` succeeded at 11:26:39.493281 after 2.23 seconds
[0m11:26:39.495298 [debug] [MainThread]: Sending event: {'category': 'dbt', 'action': 'invocation', 'label': 'end', 'context': [<snowplow_tracker.self_describing_json.SelfDescribingJson object at 0x0000023A52053450>, <snowplow_tracker.self_describing_json.SelfDescribingJson object at 0x0000023A51F08B90>, <snowplow_tracker.self_describing_json.SelfDescribingJson object at 0x0000023A520374D0>]}
[0m11:26:39.496651 [debug] [MainThread]: Flushing usage events
[0m11:26:40.004575 [debug] [MainThread]: An error was encountered while trying to flush usage events
[0m11:26:44.612740 [debug] [MainThread]: Sending event: {'category': 'dbt', 'action': 'invocation', 'label': 'start', 'context': [<snowplow_tracker.self_describing_json.SelfDescribingJson object at 0x0000013039FA9FD0>, <snowplow_tracker.self_describing_json.SelfDescribingJson object at 0x0000013037B3CB90>, <snowplow_tracker.self_describing_json.SelfDescribingJson object at 0x000001303C95B890>]}


============================== 11:26:44.619963 | 712d81cd-539d-4f19-9c91-3c7861ab3572 ==============================
[0m11:26:44.619963 [info ] [MainThread]: Running with dbt=1.12.3
[0m11:26:44.621226 [debug] [MainThread]: running dbt with arguments {'maximum_seed_size_mib': '1', 'no_print': 'None', 'static_parser': 'True', 'target_path': 'None', 'warn_error_options': 'WarnErrorOptionsV2(error=[], warn=[], silence=[])', 'version_check': 'True', 'printer_width': '80', 'write_json': 'True', 'introspect': 'True', 'log_cache_events': 'False', 'empty': 'False', 'cache_selected_only': 'False', 'log_format': 'default', 'debug': 'False', 'fail_fast': 'False', 'profiles_dir': '.', 'send_anonymous_usage_stats': 'True', 'quiet': 'False', 'warn_error': 'None', 'partial_parse': 'True', 'indirect_selection': 'eager', 'hints_enabled': 'True', 'use_colors': 'True', 'use_experimental_parser': 'False', 'invocation_command': 'dbt seed --profiles-dir .', 'log_path': 'C:\\Users\\Mirela\\Desktop\\sweden-power-lakehouse\\dbt\\logs'}
[0m11:26:46.600285 [debug] [MainThread]: Spark adapter: Setting pyhive.hive logging to ERROR
[0m11:26:46.601699 [debug] [MainThread]: Spark adapter: Setting thrift.transport logging to ERROR
[0m11:26:46.603314 [debug] [MainThread]: Spark adapter: Setting thrift.protocol logging to ERROR
[0m11:26:48.357630 [debug] [MainThread]: Sending event: {'category': 'dbt', 'action': 'project_id', 'label': '712d81cd-539d-4f19-9c91-3c7861ab3572', 'context': [<snowplow_tracker.self_describing_json.SelfDescribingJson object at 0x00000130491A5480>]}
[0m11:26:48.472655 [debug] [MainThread]: Sending event: {'category': 'dbt', 'action': 'adapter_info', 'label': '712d81cd-539d-4f19-9c91-3c7861ab3572', 'context': [<snowplow_tracker.self_describing_json.SelfDescribingJson object at 0x000001303AB84F30>]}
[0m11:26:48.473840 [info ] [MainThread]: Registered adapter: databricks=1.12.5
[0m11:26:49.413178 [debug] [MainThread]: checksum: e2d1256c77e6efbaf5ed4fcd69271aea21a9eaf776453aa326a8e70af78a63cd, vars: {}, profile: sweden_power_lakehouse, target: dev, version: 1.12.3
[0m11:26:49.415090 [info ] [MainThread]: Unable to do partial parsing because saved manifest not found. Starting full parse.
[0m11:26:49.416455 [debug] [MainThread]: Sending event: {'category': 'dbt', 'action': 'partial_parser', 'label': '712d81cd-539d-4f19-9c91-3c7861ab3572', 'context': [<snowplow_tracker.self_describing_json.SelfDescribingJson object at 0x0000013049123350>]}
[0m11:26:55.719040 [warn ] [MainThread]: [[33mWARNING[0m]: Configuration paths exist in your dbt_project.yml file which do not apply to any resources.
There are 3 unused configuration paths:
- models.sweden_power_lakehouse.silver
- models.sweden_power_lakehouse.gold
- seeds.sweden_power_lakehouse
[0m11:26:55.728900 [debug] [MainThread]: Sending event: {'category': 'dbt', 'action': 'load_project', 'label': '712d81cd-539d-4f19-9c91-3c7861ab3572', 'context': [<snowplow_tracker.self_describing_json.SelfDescribingJson object at 0x00000130493B6B70>]}
[0m11:26:55.862107 [debug] [MainThread]: Wrote artifact WritableManifest to C:\Users\Mirela\Desktop\sweden-power-lakehouse\dbt\target\manifest.json
[0m11:26:55.886682 [debug] [MainThread]: Wrote artifact SemanticManifest to C:\Users\Mirela\Desktop\sweden-power-lakehouse\dbt\target\semantic_manifest.json
[0m11:26:55.944851 [debug] [MainThread]: Wrote artifact OsiDocument to C:\Users\Mirela\Desktop\sweden-power-lakehouse\dbt\target\osi_document.json
[0m11:26:56.040600 [debug] [MainThread]: Sending event: {'category': 'dbt', 'action': 'resource_counts', 'label': '712d81cd-539d-4f19-9c91-3c7861ab3572', 'context': [<snowplow_tracker.self_describing_json.SelfDescribingJson object at 0x000001304988DEF0>]}
[0m11:26:56.041832 [info ] [MainThread]: Found 889 macros
[0m11:26:56.042705 [debug] [MainThread]: Sending event: {'category': 'dbt', 'action': 'runnable_timing', 'label': '712d81cd-539d-4f19-9c91-3c7861ab3572', 'context': [<snowplow_tracker.self_describing_json.SelfDescribingJson object at 0x00000130496742C0>]}
[0m11:26:56.045620 [warn ] [MainThread]: [[33mWARNING[0m]: Nothing to do. Try checking your model configs and model specification args
[0m11:26:56.047481 [debug] [MainThread]: Command end result
[0m11:26:56.153019 [debug] [MainThread]: Wrote artifact WritableManifest to C:\Users\Mirela\Desktop\sweden-power-lakehouse\dbt\target\manifest.json
[0m11:26:56.158487 [debug] [MainThread]: Wrote artifact SemanticManifest to C:\Users\Mirela\Desktop\sweden-power-lakehouse\dbt\target\semantic_manifest.json
[0m11:26:56.164329 [debug] [MainThread]: Wrote artifact OsiDocument to C:\Users\Mirela\Desktop\sweden-power-lakehouse\dbt\target\osi_document.json
[0m11:26:56.170426 [debug] [MainThread]: Wrote artifact RunExecutionResult to C:\Users\Mirela\Desktop\sweden-power-lakehouse\dbt\target\run_results.json
[0m11:26:56.171185 [info ] [MainThread]: 
[0m11:26:56.172249 [info ] [MainThread]: [32mCompleted successfully[0m
[0m11:26:56.173335 [info ] [MainThread]: 
[0m11:26:56.174464 [info ] [MainThread]: Done. PASS=0 WARN=0 ERROR=0 SKIP=0 NO-OP=0 REUSED=0 TOTAL=0
[0m11:26:56.178389 [debug] [MainThread]: Command `dbt seed` succeeded at 11:26:56.177922 after 11.86 seconds
[0m11:26:56.180421 [debug] [MainThread]: Sending event: {'category': 'dbt', 'action': 'invocation', 'label': 'end', 'context': [<snowplow_tracker.self_describing_json.SelfDescribingJson object at 0x0000013049842450>, <snowplow_tracker.self_describing_json.SelfDescribingJson object at 0x00000130498A4680>, <snowplow_tracker.self_describing_json.SelfDescribingJson object at 0x00000130498A4520>]}
[0m11:26:56.181063 [debug] [MainThread]: Flushing usage events
[0m11:26:56.685186 [debug] [MainThread]: An error was encountered while trying to flush usage events
[0m11:27:01.592281 [debug] [MainThread]: Sending event: {'category': 'dbt', 'action': 'invocation', 'label': 'start', 'context': [<snowplow_tracker.self_describing_json.SelfDescribingJson object at 0x0000019AD4189FD0>, <snowplow_tracker.self_describing_json.SelfDescribingJson object at 0x0000019AD1D1CB90>, <snowplow_tracker.self_describing_json.SelfDescribingJson object at 0x0000019AD6B3B890>]}


============================== 11:27:01.600100 | 44078b52-038d-4b63-9c8f-ea80e381bb10 ==============================
[0m11:27:01.600100 [info ] [MainThread]: Running with dbt=1.12.3
[0m11:27:01.601315 [debug] [MainThread]: running dbt with arguments {'static_parser': 'True', 'no_print': 'None', 'version_check': 'True', 'warn_error_options': 'WarnErrorOptionsV2(error=[], warn=[], silence=[])', 'maximum_seed_size_mib': '1', 'target_path': 'None', 'printer_width': '80', 'write_json': 'True', 'empty': 'False', 'log_cache_events': 'False', 'introspect': 'True', 'cache_selected_only': 'False', 'fail_fast': 'False', 'debug': 'False', 'log_format': 'default', 'profiles_dir': '.', 'send_anonymous_usage_stats': 'True', 'quiet': 'False', 'warn_error': 'None', 'partial_parse': 'True', 'invocation_command': 'dbt run --select production_hourly --profiles-dir .', 'hints_enabled': 'True', 'indirect_selection': 'eager', 'use_experimental_parser': 'False', 'use_colors': 'True', 'log_path': 'C:\\Users\\Mirela\\Desktop\\sweden-power-lakehouse\\dbt\\logs'}
[0m11:27:03.369970 [debug] [MainThread]: Spark adapter: Setting pyhive.hive logging to ERROR
[0m11:27:03.370686 [debug] [MainThread]: Spark adapter: Setting thrift.transport logging to ERROR
[0m11:27:03.371273 [debug] [MainThread]: Spark adapter: Setting thrift.protocol logging to ERROR
[0m11:27:05.256990 [debug] [MainThread]: Sending event: {'category': 'dbt', 'action': 'project_id', 'label': '44078b52-038d-4b63-9c8f-ea80e381bb10', 'context': [<snowplow_tracker.self_describing_json.SelfDescribingJson object at 0x0000019AE33A5480>]}
[0m11:27:05.368406 [debug] [MainThread]: Sending event: {'category': 'dbt', 'action': 'adapter_info', 'label': '44078b52-038d-4b63-9c8f-ea80e381bb10', 'context': [<snowplow_tracker.self_describing_json.SelfDescribingJson object at 0x0000019AD4D64F30>]}
[0m11:27:05.369637 [info ] [MainThread]: Registered adapter: databricks=1.12.5
[0m11:27:06.222558 [debug] [MainThread]: checksum: e2d1256c77e6efbaf5ed4fcd69271aea21a9eaf776453aa326a8e70af78a63cd, vars: {}, profile: sweden_power_lakehouse, target: dev, version: 1.12.3
[0m11:27:06.533950 [debug] [MainThread]: Partial parsing enabled: 0 files deleted, 0 files added, 0 files changed.
[0m11:27:06.534802 [debug] [MainThread]: Nothing changed, skipping partial parsing.
[0m11:27:06.535340 [debug] [MainThread]: Partial parsing enabled, no changes found, skipping parsing
[0m11:27:06.535969 [warn ] [MainThread]: [[33mWARNING[0m]: Configuration paths exist in your dbt_project.yml file which do not apply to any resources.
There are 3 unused configuration paths:
- models.sweden_power_lakehouse.gold
- models.sweden_power_lakehouse.silver
- seeds.sweden_power_lakehouse
[0m11:27:06.543867 [debug] [MainThread]: Sending event: {'category': 'dbt', 'action': 'load_project', 'label': '44078b52-038d-4b63-9c8f-ea80e381bb10', 'context': [<snowplow_tracker.self_describing_json.SelfDescribingJson object at 0x0000019AE381F850>]}
[0m11:27:06.706844 [debug] [MainThread]: Wrote artifact WritableManifest to C:\Users\Mirela\Desktop\sweden-power-lakehouse\dbt\target\manifest.json
[0m11:27:06.714944 [debug] [MainThread]: Wrote artifact SemanticManifest to C:\Users\Mirela\Desktop\sweden-power-lakehouse\dbt\target\semantic_manifest.json
[0m11:27:06.768257 [debug] [MainThread]: Wrote artifact OsiDocument to C:\Users\Mirela\Desktop\sweden-power-lakehouse\dbt\target\osi_document.json
[0m11:27:06.790126 [debug] [MainThread]: Sending event: {'category': 'dbt', 'action': 'resource_counts', 'label': '44078b52-038d-4b63-9c8f-ea80e381bb10', 'context': [<snowplow_tracker.self_describing_json.SelfDescribingJson object at 0x0000019AE3BEB110>]}
[0m11:27:06.791020 [info ] [MainThread]: Found 889 macros
[0m11:27:06.792055 [debug] [MainThread]: Sending event: {'category': 'dbt', 'action': 'runnable_timing', 'label': '44078b52-038d-4b63-9c8f-ea80e381bb10', 'context': [<snowplow_tracker.self_describing_json.SelfDescribingJson object at 0x0000019AE39B19B0>]}
[0m11:27:06.793505 [warn ] [MainThread]: [[33mWARNING[0m]: The selection criterion 'production_hourly' does not match any enabled nodes
[0m11:27:06.797735 [warn ] [MainThread]: [[33mWARNING[0m]: Nothing to do. Try checking your model configs and model specification args
[0m11:27:06.802089 [debug] [MainThread]: Command end result
[0m11:27:06.907216 [debug] [MainThread]: Wrote artifact WritableManifest to C:\Users\Mirela\Desktop\sweden-power-lakehouse\dbt\target\manifest.json
[0m11:27:06.912807 [debug] [MainThread]: Wrote artifact SemanticManifest to C:\Users\Mirela\Desktop\sweden-power-lakehouse\dbt\target\semantic_manifest.json
[0m11:27:06.920378 [debug] [MainThread]: Wrote artifact OsiDocument to C:\Users\Mirela\Desktop\sweden-power-lakehouse\dbt\target\osi_document.json
[0m11:27:06.926080 [debug] [MainThread]: Wrote artifact RunExecutionResult to C:\Users\Mirela\Desktop\sweden-power-lakehouse\dbt\target\run_results.json
[0m11:27:06.928140 [debug] [MainThread]: Command `dbt run` succeeded at 11:27:06.927751 after 5.62 seconds
[0m11:27:06.928845 [debug] [MainThread]: Sending event: {'category': 'dbt', 'action': 'invocation', 'label': 'end', 'context': [<snowplow_tracker.self_describing_json.SelfDescribingJson object at 0x0000019AD6927930>, <snowplow_tracker.self_describing_json.SelfDescribingJson object at 0x0000019AE383ABD0>, <snowplow_tracker.self_describing_json.SelfDescribingJson object at 0x0000019AE383AC90>]}
[0m11:27:06.929405 [debug] [MainThread]: Flushing usage events
[0m11:27:07.412729 [debug] [MainThread]: An error was encountered while trying to flush usage events
[0m11:27:22.377563 [debug] [MainThread]: Sending event: {'category': 'dbt', 'action': 'invocation', 'label': 'start', 'context': [<snowplow_tracker.self_describing_json.SelfDescribingJson object at 0x000001A2FB309FD0>, <snowplow_tracker.self_describing_json.SelfDescribingJson object at 0x000001A2F8E98B90>, <snowplow_tracker.self_describing_json.SelfDescribingJson object at 0x000001A2FDCB7890>]}


============================== 11:27:22.384907 | d44bde99-84db-4884-a4d6-84059c357148 ==============================
[0m11:27:22.384907 [info ] [MainThread]: Running with dbt=1.12.3
[0m11:27:22.386149 [debug] [MainThread]: running dbt with arguments {'version_check': 'True', 'no_print': 'None', 'static_parser': 'True', 'warn_error_options': 'WarnErrorOptionsV2(error=[], warn=[], silence=[])', 'target_path': 'None', 'maximum_seed_size_mib': '1', 'printer_width': '80', 'write_json': 'True', 'introspect': 'True', 'log_cache_events': 'False', 'empty': 'None', 'cache_selected_only': 'False', 'fail_fast': 'False', 'debug': 'False', 'log_format': 'default', 'profiles_dir': '.', 'send_anonymous_usage_stats': 'True', 'quiet': 'False', 'warn_error': 'None', 'partial_parse': 'True', 'invocation_command': 'dbt test --profiles-dir .', 'hints_enabled': 'True', 'use_colors': 'True', 'use_experimental_parser': 'False', 'indirect_selection': 'eager', 'log_path': 'C:\\Users\\Mirela\\Desktop\\sweden-power-lakehouse\\dbt\\logs'}
[0m11:27:24.176271 [debug] [MainThread]: Spark adapter: Setting pyhive.hive logging to ERROR
[0m11:27:24.176970 [debug] [MainThread]: Spark adapter: Setting thrift.transport logging to ERROR
[0m11:27:24.177506 [debug] [MainThread]: Spark adapter: Setting thrift.protocol logging to ERROR
[0m11:27:25.838669 [debug] [MainThread]: Sending event: {'category': 'dbt', 'action': 'project_id', 'label': 'd44bde99-84db-4884-a4d6-84059c357148', 'context': [<snowplow_tracker.self_describing_json.SelfDescribingJson object at 0x000001A28A595480>]}
[0m11:27:25.948042 [debug] [MainThread]: Sending event: {'category': 'dbt', 'action': 'adapter_info', 'label': 'd44bde99-84db-4884-a4d6-84059c357148', 'context': [<snowplow_tracker.self_describing_json.SelfDescribingJson object at 0x000001A2FBEE4F30>]}
[0m11:27:25.949225 [info ] [MainThread]: Registered adapter: databricks=1.12.5
[0m11:27:26.622585 [debug] [MainThread]: checksum: e2d1256c77e6efbaf5ed4fcd69271aea21a9eaf776453aa326a8e70af78a63cd, vars: {}, profile: sweden_power_lakehouse, target: dev, version: 1.12.3
[0m11:27:26.827401 [debug] [MainThread]: Partial parsing enabled: 0 files deleted, 0 files added, 0 files changed.
[0m11:27:26.828015 [debug] [MainThread]: Nothing changed, skipping partial parsing.
[0m11:27:26.828497 [debug] [MainThread]: Partial parsing enabled, no changes found, skipping parsing
[0m11:27:26.829183 [warn ] [MainThread]: [[33mWARNING[0m]: Configuration paths exist in your dbt_project.yml file which do not apply to any resources.
There are 3 unused configuration paths:
- models.sweden_power_lakehouse.gold
- models.sweden_power_lakehouse.silver
- seeds.sweden_power_lakehouse
[0m11:27:26.838592 [debug] [MainThread]: Sending event: {'category': 'dbt', 'action': 'load_project', 'label': 'd44bde99-84db-4884-a4d6-84059c357148', 'context': [<snowplow_tracker.self_describing_json.SelfDescribingJson object at 0x000001A28AA13850>]}
[0m11:27:26.995491 [debug] [MainThread]: Wrote artifact WritableManifest to C:\Users\Mirela\Desktop\sweden-power-lakehouse\dbt\target\manifest.json
[0m11:27:27.001106 [debug] [MainThread]: Wrote artifact SemanticManifest to C:\Users\Mirela\Desktop\sweden-power-lakehouse\dbt\target\semantic_manifest.json
[0m11:27:27.050772 [debug] [MainThread]: Wrote artifact OsiDocument to C:\Users\Mirela\Desktop\sweden-power-lakehouse\dbt\target\osi_document.json
[0m11:27:27.089384 [debug] [MainThread]: Sending event: {'category': 'dbt', 'action': 'resource_counts', 'label': 'd44bde99-84db-4884-a4d6-84059c357148', 'context': [<snowplow_tracker.self_describing_json.SelfDescribingJson object at 0x000001A28ADB9F40>]}
[0m11:27:27.090209 [info ] [MainThread]: Found 889 macros
[0m11:27:27.091279 [debug] [MainThread]: Sending event: {'category': 'dbt', 'action': 'runnable_timing', 'label': 'd44bde99-84db-4884-a4d6-84059c357148', 'context': [<snowplow_tracker.self_describing_json.SelfDescribingJson object at 0x000001A28AA8DC50>]}
[0m11:27:27.094901 [warn ] [MainThread]: [[33mWARNING[0m]: Nothing to do. Try checking your model configs and model specification args
[0m11:27:27.100230 [debug] [MainThread]: Command end result
[0m11:27:27.197972 [debug] [MainThread]: Wrote artifact WritableManifest to C:\Users\Mirela\Desktop\sweden-power-lakehouse\dbt\target\manifest.json
[0m11:27:27.203456 [debug] [MainThread]: Wrote artifact SemanticManifest to C:\Users\Mirela\Desktop\sweden-power-lakehouse\dbt\target\semantic_manifest.json
[0m11:27:27.209106 [debug] [MainThread]: Wrote artifact OsiDocument to C:\Users\Mirela\Desktop\sweden-power-lakehouse\dbt\target\osi_document.json
[0m11:27:27.215571 [debug] [MainThread]: Wrote artifact RunExecutionResult to C:\Users\Mirela\Desktop\sweden-power-lakehouse\dbt\target\run_results.json
[0m11:27:27.217452 [debug] [MainThread]: Command `dbt test` succeeded at 11:27:27.217238 after 5.12 seconds
[0m11:27:27.218035 [debug] [MainThread]: Sending event: {'category': 'dbt', 'action': 'invocation', 'label': 'end', 'context': [<snowplow_tracker.self_describing_json.SelfDescribingJson object at 0x000001A2FBF8DA50>, <snowplow_tracker.self_describing_json.SelfDescribingJson object at 0x000001A28AC67AD0>, <snowplow_tracker.self_describing_json.SelfDescribingJson object at 0x000001A28AD450D0>]}
[0m11:27:27.218546 [debug] [MainThread]: Flushing usage events
[0m11:27:27.706896 [debug] [MainThread]: An error was encountered while trying to flush usage events
[0m11:34:29.605217 [debug] [MainThread]: Sending event: {'category': 'dbt', 'action': 'invocation', 'label': 'start', 'context': [<snowplow_tracker.self_describing_json.SelfDescribingJson object at 0x0000023F3CFF9FD0>, <snowplow_tracker.self_describing_json.SelfDescribingJson object at 0x0000023F3AB8CB90>, <snowplow_tracker.self_describing_json.SelfDescribingJson object at 0x0000023F3F92BD90>]}


============================== 11:34:29.612932 | 77e22ec9-7dfc-48a3-9559-ccb7e84400d3 ==============================
[0m11:34:29.612932 [info ] [MainThread]: Running with dbt=1.12.3
[0m11:34:29.614289 [debug] [MainThread]: running dbt with arguments {'maximum_seed_size_mib': '1', 'no_print': 'None', 'version_check': 'True', 'target_path': 'None', 'warn_error_options': 'WarnErrorOptionsV2(error=[], warn=[], silence=[])', 'static_parser': 'True', 'printer_width': '80', 'write_json': 'True', 'empty': 'None', 'log_cache_events': 'False', 'introspect': 'True', 'cache_selected_only': 'False', 'log_format': 'default', 'debug': 'False', 'fail_fast': 'False', 'profiles_dir': '.', 'send_anonymous_usage_stats': 'True', 'quiet': 'False', 'warn_error': 'None', 'partial_parse': 'True', 'invocation_command': 'dbt deps --profiles-dir .', 'hints_enabled': 'True', 'use_colors': 'True', 'use_experimental_parser': 'False', 'indirect_selection': 'eager', 'log_path': 'C:\\Users\\Mirela\\Desktop\\sweden-power-lakehouse\\dbt\\logs'}
[0m11:34:29.836343 [debug] [MainThread]: Sending event: {'category': 'dbt', 'action': 'project_id', 'label': '77e22ec9-7dfc-48a3-9559-ccb7e84400d3', 'context': [<snowplow_tracker.self_describing_json.SelfDescribingJson object at 0x0000023F3F9ECFC0>]}
[0m11:34:29.998399 [debug] [MainThread]: Set downloads directory='C:\Users\Mirela\AppData\Local\Temp\dbt-downloads-dk5vbvip'
[0m11:34:29.999241 [debug] [MainThread]: Making package index registry request: GET https://hub.getdbt.com/api/v1/index.json
[0m11:34:30.137056 [debug] [MainThread]: Response from registry index: GET https://hub.getdbt.com/api/v1/index.json 200
[0m11:34:30.139429 [debug] [MainThread]: Making package registry request: GET https://hub.getdbt.com/api/v1/dbt-labs/dbt_utils.json
[0m11:34:30.219616 [debug] [MainThread]: Response from registry: GET https://hub.getdbt.com/api/v1/dbt-labs/dbt_utils.json 200
[0m11:34:30.229968 [info ] [MainThread]: Installing dbt-labs/dbt_utils
[0m11:34:31.354741 [info ] [MainThread]: Installed from version 1.4.1
[0m11:34:31.357010 [info ] [MainThread]: Up to date!
[0m11:34:31.358605 [debug] [MainThread]: Sending event: {'category': 'dbt', 'action': 'package', 'label': '77e22ec9-7dfc-48a3-9559-ccb7e84400d3', 'property_': 'install', 'context': [<snowplow_tracker.self_describing_json.SelfDescribingJson object at 0x0000023F3B454380>, <snowplow_tracker.self_describing_json.SelfDescribingJson object at 0x0000023F3FB51F20>]}
[0m11:34:31.362037 [debug] [MainThread]: Command `dbt deps` succeeded at 11:34:31.361740 after 2.12 seconds
[0m11:34:31.363520 [debug] [MainThread]: Sending event: {'category': 'dbt', 'action': 'invocation', 'label': 'end', 'context': [<snowplow_tracker.self_describing_json.SelfDescribingJson object at 0x0000023F3FC83450>, <snowplow_tracker.self_describing_json.SelfDescribingJson object at 0x0000023F3FBC8B90>, <snowplow_tracker.self_describing_json.SelfDescribingJson object at 0x0000023F3FBC8AA0>]}
[0m11:34:31.365051 [debug] [MainThread]: Flushing usage events
[0m11:34:31.842539 [debug] [MainThread]: An error was encountered while trying to flush usage events
[0m11:34:36.457339 [debug] [MainThread]: Sending event: {'category': 'dbt', 'action': 'invocation', 'label': 'start', 'context': [<snowplow_tracker.self_describing_json.SelfDescribingJson object at 0x0000020FCD809FD0>, <snowplow_tracker.self_describing_json.SelfDescribingJson object at 0x0000020FCB39CB90>, <snowplow_tracker.self_describing_json.SelfDescribingJson object at 0x0000020FD01BB890>]}


============================== 11:34:36.464879 | 175860d2-0716-440d-a2f1-199a1bb3fa03 ==============================
[0m11:34:36.464879 [info ] [MainThread]: Running with dbt=1.12.3
[0m11:34:36.466147 [debug] [MainThread]: running dbt with arguments {'version_check': 'True', 'no_print': 'None', 'maximum_seed_size_mib': '1', 'target_path': 'None', 'static_parser': 'True', 'warn_error_options': 'WarnErrorOptionsV2(error=[], warn=[], silence=[])', 'printer_width': '80', 'write_json': 'True', 'introspect': 'True', 'log_cache_events': 'False', 'empty': 'False', 'cache_selected_only': 'False', 'fail_fast': 'False', 'debug': 'False', 'log_format': 'default', 'profiles_dir': '.', 'send_anonymous_usage_stats': 'True', 'quiet': 'False', 'warn_error': 'None', 'partial_parse': 'True', 'use_colors': 'True', 'hints_enabled': 'True', 'indirect_selection': 'eager', 'use_experimental_parser': 'False', 'invocation_command': 'dbt seed --profiles-dir .', 'log_path': 'C:\\Users\\Mirela\\Desktop\\sweden-power-lakehouse\\dbt\\logs'}
[0m11:34:38.837382 [debug] [MainThread]: Spark adapter: Setting pyhive.hive logging to ERROR
[0m11:34:38.838104 [debug] [MainThread]: Spark adapter: Setting thrift.transport logging to ERROR
[0m11:34:38.838647 [debug] [MainThread]: Spark adapter: Setting thrift.protocol logging to ERROR
[0m11:34:40.537388 [debug] [MainThread]: Sending event: {'category': 'dbt', 'action': 'project_id', 'label': '175860d2-0716-440d-a2f1-199a1bb3fa03', 'context': [<snowplow_tracker.self_describing_json.SelfDescribingJson object at 0x0000020FDCAA5480>]}
[0m11:34:40.655581 [debug] [MainThread]: Sending event: {'category': 'dbt', 'action': 'adapter_info', 'label': '175860d2-0716-440d-a2f1-199a1bb3fa03', 'context': [<snowplow_tracker.self_describing_json.SelfDescribingJson object at 0x0000020FCE3E4F30>]}
[0m11:34:40.656849 [info ] [MainThread]: Registered adapter: databricks=1.12.5
[0m11:34:41.317254 [debug] [MainThread]: checksum: e2d1256c77e6efbaf5ed4fcd69271aea21a9eaf776453aa326a8e70af78a63cd, vars: {}, profile: sweden_power_lakehouse, target: dev, version: 1.12.3
[0m11:34:41.747699 [debug] [MainThread]: Partial parsing enabled: 0 files deleted, 7 files added, 0 files changed.
[0m11:34:41.748457 [debug] [MainThread]: Partial parsing: added file: sweden_power_lakehouse://tests\solar_produces_at_night.sql
[0m11:34:41.749098 [debug] [MainThread]: Partial parsing: added file: sweden_power_lakehouse://models\sources.yml
[0m11:34:41.749610 [debug] [MainThread]: Partial parsing: added file: sweden_power_lakehouse://seeds\category_mapping.csv
[0m11:34:41.750098 [debug] [MainThread]: Partial parsing: added file: sweden_power_lakehouse://models\silver\production_hourly.sql
[0m11:34:41.750676 [debug] [MainThread]: Partial parsing: added file: sweden_power_lakehouse://models\silver\schema.yml
[0m11:34:41.751160 [debug] [MainThread]: Partial parsing: added file: sweden_power_lakehouse://macros\generate_schema_name.sql
[0m11:34:41.751696 [debug] [MainThread]: Partial parsing: added file: sweden_power_lakehouse://seeds\schema.yml
[0m11:34:41.755924 [info ] [MainThread]: Unable to do partial parsing because change detected to override macro. Starting full parse.
[0m11:34:45.147729 [warn ] [MainThread]: [[33mWARNING[0m][MissingArgumentsPropertyInGenericTestDeprecation]: Deprecated
functionality
Found top-level arguments to test `accepted_values` defined on
'category_mapping' in package 'sweden_power_lakehouse' (seeds\schema.yml).
Arguments to generic tests should be nested under the `arguments` property.
[0m11:34:45.148723 [debug] [MainThread]: Sending event: {'category': 'dbt', 'action': 'deprecation', 'label': '175860d2-0716-440d-a2f1-199a1bb3fa03', 'property_': 'warn', 'context': [<snowplow_tracker.self_describing_json.SelfDescribingJson object at 0x0000020FDCA23D50>]}
[0m11:34:46.091153 [warn ] [MainThread]: [[33mWARNING[0m]: Configuration paths exist in your dbt_project.yml file which do not apply to any resources.
There are 1 unused configuration paths:
- models.sweden_power_lakehouse.gold
[0m11:34:46.100833 [debug] [MainThread]: Sending event: {'category': 'dbt', 'action': 'load_project', 'label': '175860d2-0716-440d-a2f1-199a1bb3fa03', 'context': [<snowplow_tracker.self_describing_json.SelfDescribingJson object at 0x0000020FDD89A6C0>]}
[0m11:34:46.358043 [debug] [MainThread]: Wrote artifact WritableManifest to C:\Users\Mirela\Desktop\sweden-power-lakehouse\dbt\target\manifest.json
[0m11:34:46.363774 [debug] [MainThread]: Wrote artifact SemanticManifest to C:\Users\Mirela\Desktop\sweden-power-lakehouse\dbt\target\semantic_manifest.json
[0m11:34:46.421508 [debug] [MainThread]: Wrote artifact OsiDocument to C:\Users\Mirela\Desktop\sweden-power-lakehouse\dbt\target\osi_document.json
[0m11:34:46.448330 [debug] [MainThread]: Sending event: {'category': 'dbt', 'action': 'resource_counts', 'label': '175860d2-0716-440d-a2f1-199a1bb3fa03', 'context': [<snowplow_tracker.self_describing_json.SelfDescribingJson object at 0x0000020FDD50E270>]}
[0m11:34:46.449682 [info ] [MainThread]: Found 1 model, 14 data tests, 1 seed, 3 sources, 890 macros
[0m11:34:46.451015 [debug] [MainThread]: Sending event: {'category': 'dbt', 'action': 'runnable_timing', 'label': '175860d2-0716-440d-a2f1-199a1bb3fa03', 'context': [<snowplow_tracker.self_describing_json.SelfDescribingJson object at 0x0000020FDDAB4D50>]}
[0m11:34:46.455884 [info ] [MainThread]: 
[0m11:34:46.456916 [info ] [MainThread]: Concurrency: 4 threads (target='dev')
[0m11:34:46.457584 [info ] [MainThread]: 
[0m11:34:46.458885 [debug] [MainThread]: Databricks adapter: DatabricksDBTConnection(session-id=None, name=master) - Creating connection
[0m11:34:46.459534 [debug] [MainThread]: Acquiring new databricks connection 'master'
[0m11:34:46.461266 [debug] [ThreadPool]: Databricks adapter: DatabricksDBTConnection(session-id=None, name=list_workspace) - Creating connection
[0m11:34:46.461931 [debug] [ThreadPool]: Acquiring new databricks connection 'list_workspace'
[0m11:34:46.483306 [debug] [ThreadPool]: Using databricks connection "list_workspace"
[0m11:34:46.484002 [debug] [ThreadPool]: On list_workspace: /* {"app": "dbt", "dbt_version": "1.12.3", "dbt_databricks_version": "1.12.5", "databricks_sql_connector_version": "4.4.0", "profile_name": "sweden_power_lakehouse", "target_name": "dev", "invocation_id": "175860d2-0716-440d-a2f1-199a1bb3fa03", "connection_name": "list_workspace"} */

    

  SHOW SCHEMAS IN `workspace`


  
[0m11:34:46.484440 [debug] [ThreadPool]: Opening a new connection, currently in state init
[0m11:34:48.995979 [debug] [ThreadPool]: Databricks adapter: Connection(session-id=01f1b27b-05a1-13a4-a7a0-6017edb3112f) - Created
[0m11:34:59.113133 [debug] [ThreadPool]: SQL status: OK in 12.630 seconds
[0m11:34:59.134357 [debug] [ThreadPool]: Databricks adapter: Cursor(session-id=01f1b27b-05a1-13a4-a7a0-6017edb3112f, command-id=01f1b27b-061e-13b7-9250-6400a793b190) - Closing
[0m11:34:59.431436 [debug] [ThreadPool]: On list_workspace: Close
[0m11:34:59.432073 [debug] [ThreadPool]: Databricks adapter: Connection(session-id=01f1b27b-05a1-13a4-a7a0-6017edb3112f) - Closing
[0m11:34:59.632792 [debug] [ThreadPool]: Databricks adapter: DatabricksDBTConnection(session-id=None, name=list_workspace_silver) - Creating connection
[0m11:34:59.633505 [debug] [ThreadPool]: Acquiring new databricks connection 'list_workspace_silver'
[0m11:34:59.639239 [debug] [ThreadPool]: Using databricks connection "list_workspace_silver"
[0m11:34:59.640035 [debug] [ThreadPool]: On list_workspace_silver: /* {"app": "dbt", "dbt_version": "1.12.3", "dbt_databricks_version": "1.12.5", "databricks_sql_connector_version": "4.4.0", "profile_name": "sweden_power_lakehouse", "target_name": "dev", "invocation_id": "175860d2-0716-440d-a2f1-199a1bb3fa03", "connection_name": "list_workspace_silver"} */

    
SELECT
  table_name,
  if(table_type IN ('EXTERNAL', 'MANAGED', 'MANAGED_SHALLOW_CLONE', 'EXTERNAL_SHALLOW_CLONE'), 'table', lower(table_type)) AS table_type,
  lower(data_source_format) AS file_format,
  table_owner,
  if(
    table_type IN (
      'EXTERNAL',
      'MANAGED',
      'MANAGED_SHALLOW_CLONE',
      'EXTERNAL_SHALLOW_CLONE'
    ),
    lower(table_type),
    NULL
  ) AS databricks_table_type
FROM `system`.`information_schema`.`tables`
WHERE table_catalog = 'workspace'
  AND table_schema = 'silver'

  
[0m11:34:59.640518 [debug] [ThreadPool]: Opening a new connection, currently in state init
[0m11:35:00.331404 [debug] [ThreadPool]: Databricks adapter: Connection(session-id=01f1b27b-0cbc-170c-87f8-b6a9e13dcbe5) - Created
[0m11:35:04.106437 [debug] [ThreadPool]: SQL status: OK in 4.470 seconds
[0m11:35:04.110435 [debug] [ThreadPool]: Databricks adapter: Cursor(session-id=01f1b27b-0cbc-170c-87f8-b6a9e13dcbe5, command-id=01f1b27b-0cde-1b88-bc4b-f6d0a6694c42) - Closing
[0m11:35:04.111591 [debug] [ThreadPool]: On list_workspace_silver: Close
[0m11:35:04.112182 [debug] [ThreadPool]: Databricks adapter: Connection(session-id=01f1b27b-0cbc-170c-87f8-b6a9e13dcbe5) - Closing
[0m11:35:04.302063 [debug] [MainThread]: Sending event: {'category': 'dbt', 'action': 'runnable_timing', 'label': '175860d2-0716-440d-a2f1-199a1bb3fa03', 'context': [<snowplow_tracker.self_describing_json.SelfDescribingJson object at 0x0000020FDD100DD0>]}
[0m11:35:04.368241 [debug] [Thread-3 (]: Began running node seed.sweden_power_lakehouse.category_mapping
[0m11:35:04.369207 [info ] [Thread-3 (]: 1 of 1 START seed file silver.category_mapping ................................. [RUN]
[0m11:35:04.370619 [debug] [Thread-3 (]: Databricks adapter: DatabricksDBTConnection(session-id=None, name=seed.sweden_power_lakehouse.category_mapping) - Creating connection
[0m11:35:04.371259 [debug] [Thread-3 (]: Acquiring new databricks connection 'seed.sweden_power_lakehouse.category_mapping'
[0m11:35:04.371853 [debug] [Thread-3 (]: Began compiling node seed.sweden_power_lakehouse.category_mapping
[0m11:35:04.372469 [debug] [Thread-3 (]: Began executing node seed.sweden_power_lakehouse.category_mapping
[0m11:35:04.474810 [debug] [Thread-3 (]: Using databricks connection "seed.sweden_power_lakehouse.category_mapping"
[0m11:35:04.475763 [debug] [Thread-3 (]: On seed.sweden_power_lakehouse.category_mapping: /* {"app": "dbt", "dbt_version": "1.12.3", "dbt_databricks_version": "1.12.5", "databricks_sql_connector_version": "4.4.0", "profile_name": "sweden_power_lakehouse", "target_name": "dev", "invocation_id": "175860d2-0716-440d-a2f1-199a1bb3fa03", "node_id": "seed.sweden_power_lakehouse.category_mapping"} */

    create or replace table `workspace`.`silver`.`category_mapping` (`source` string ,`source_category` string ,`category` string ,`measure` string ,`comparable` boolean )
    
    using delta
  
    
    
    
    
    
  
[0m11:35:04.476417 [debug] [Thread-3 (]: Opening a new connection, currently in state init
[0m11:35:05.143461 [debug] [Thread-3 (]: Databricks adapter: Connection(session-id=01f1b27b-0f9a-126e-8d81-07bb46d56061) - Created
[0m11:35:09.113119 [debug] [Thread-3 (]: SQL status: OK in 4.640 seconds
[0m11:35:09.114745 [debug] [Thread-3 (]: Databricks adapter: Cursor(session-id=01f1b27b-0f9a-126e-8d81-07bb46d56061, command-id=01f1b27b-0fbd-1274-beff-3046657ee895) - Closing
[0m11:35:09.153261 [debug] [Thread-3 (]: Using databricks connection "seed.sweden_power_lakehouse.category_mapping"
[0m11:35:09.153930 [debug] [Thread-3 (]: On seed.sweden_power_lakehouse.category_mapping: 
          insert overwrite `workspace`.`silver`.`category_mapping` values
          (%s,%s,%s,%s,%s),(%s,%s,%s,%s,%s),(%s,%s,%s,%s,%s),(%s,%s,%s,%s,%s),(%s,%s,%s,%s,%s),(%s,%s,%s,%s,%s),(%s,%s,%s,%s,%s),(%s,%s,%s,%s,%s),(%s,%s,%s,%s,%s),(%s,%s,%s,%s,%s),(%s,%s,%s,%s,%s),(%s,%s,%s,%s,%s),(%s,%s,%s,%s,%s),(%s,%s,%s,%s,%s),(%s,%s,%s,%s,%s),(%s,%s,%s,%s,%s),(%s,%s,%s,%s,%s),(%s,%s,%s,%s,%s),(%s,%s,%s,%s,%s)
      ...
[0m11:35:17.413531 [debug] [Thread-3 (]: SQL status: OK in 8.260 seconds
[0m11:35:17.414177 [debug] [Thread-3 (]: Databricks adapter: Cursor(session-id=01f1b27b-0f9a-126e-8d81-07bb46d56061, command-id=01f1b27b-1223-1cea-ab65-0d6c4c96eaad) - Closing
[0m11:35:17.628263 [debug] [Thread-3 (]: Writing runtime SQL for node "seed.sweden_power_lakehouse.category_mapping"
[0m11:35:17.648719 [debug] [Thread-3 (]: On seed.sweden_power_lakehouse.category_mapping: Close
[0m11:35:17.649332 [debug] [Thread-3 (]: Databricks adapter: Connection(session-id=01f1b27b-0f9a-126e-8d81-07bb46d56061) - Closing
[0m11:35:17.839061 [debug] [Thread-3 (]: Sending event: {'category': 'dbt', 'action': 'run_model', 'label': '175860d2-0716-440d-a2f1-199a1bb3fa03', 'context': [<snowplow_tracker.self_describing_json.SelfDescribingJson object at 0x0000020FCDD2D0D0>]}
[0m11:35:17.840055 [info ] [Thread-3 (]: 1 of 1 OK loaded seed file silver.category_mapping ............................. [[32mINSERT 19[0m in 13.47s]
[0m11:35:17.841462 [debug] [Thread-3 (]: Finished running node seed.sweden_power_lakehouse.category_mapping
[0m11:35:17.844974 [debug] [MainThread]: Databricks adapter: DatabricksDBTConnection(session-id=None, name=master) - Creating connection
[0m11:35:17.845703 [debug] [MainThread]: Acquiring new databricks connection 'master'
[0m11:35:17.846832 [info ] [MainThread]: 
[0m11:35:17.847906 [info ] [MainThread]: Finished running 1 seed in 0 hours 0 minutes and 31.39 seconds (31.39s).
[0m11:35:17.849726 [debug] [MainThread]: Command end result
[0m11:35:17.972552 [debug] [MainThread]: Wrote artifact WritableManifest to C:\Users\Mirela\Desktop\sweden-power-lakehouse\dbt\target\manifest.json
[0m11:35:17.978185 [debug] [MainThread]: Wrote artifact SemanticManifest to C:\Users\Mirela\Desktop\sweden-power-lakehouse\dbt\target\semantic_manifest.json
[0m11:35:17.984721 [debug] [MainThread]: Wrote artifact OsiDocument to C:\Users\Mirela\Desktop\sweden-power-lakehouse\dbt\target\osi_document.json
[0m11:35:17.996838 [debug] [MainThread]: Wrote artifact RunExecutionResult to C:\Users\Mirela\Desktop\sweden-power-lakehouse\dbt\target\run_results.json
[0m11:35:17.997838 [info ] [MainThread]: 
[0m11:35:17.999267 [info ] [MainThread]: [32mCompleted successfully[0m
[0m11:35:18.000636 [info ] [MainThread]: 
[0m11:35:18.002550 [info ] [MainThread]: Done. PASS=1 WARN=0 ERROR=0 SKIP=0 NO-OP=0 REUSED=0 TOTAL=1
[0m11:35:18.005391 [warn ] [MainThread]: [[33mWARNING[0m][DeprecationsSummary]: Deprecated functionality
Summary of encountered deprecations:
- MissingArgumentsPropertyInGenericTestDeprecation: 6 occurrences
To see all deprecation instances instead of just the first occurrence of each,
run command again with the `--show-all-deprecations` flag. You may also need to
run with `--no-partial-parse` as some deprecations are only encountered during
parsing.
[0m11:35:18.008700 [debug] [MainThread]: Command `dbt seed` succeeded at 11:35:18.008334 after 41.85 seconds
[0m11:35:18.010485 [debug] [MainThread]: Sending event: {'category': 'dbt', 'action': 'invocation', 'label': 'end', 'context': [<snowplow_tracker.self_describing_json.SelfDescribingJson object at 0x0000020FDD4C9DB0>, <snowplow_tracker.self_describing_json.SelfDescribingJson object at 0x0000020FDD1FBBF0>, <snowplow_tracker.self_describing_json.SelfDescribingJson object at 0x0000020FCDD402D0>]}
[0m11:35:18.012047 [debug] [MainThread]: Flushing usage events
[0m11:35:18.460871 [debug] [MainThread]: An error was encountered while trying to flush usage events
[0m11:35:23.445239 [debug] [MainThread]: Sending event: {'category': 'dbt', 'action': 'invocation', 'label': 'start', 'context': [<snowplow_tracker.self_describing_json.SelfDescribingJson object at 0x00000230A28A9FD0>, <snowplow_tracker.self_describing_json.SelfDescribingJson object at 0x00000230A043CB90>, <snowplow_tracker.self_describing_json.SelfDescribingJson object at 0x00000230A525B890>]}


============================== 11:35:23.452880 | a146af23-d9d3-4cb5-a439-08b87f0b0154 ==============================
[0m11:35:23.452880 [info ] [MainThread]: Running with dbt=1.12.3
[0m11:35:23.454147 [debug] [MainThread]: running dbt with arguments {'static_parser': 'True', 'no_print': 'None', 'maximum_seed_size_mib': '1', 'warn_error_options': 'WarnErrorOptionsV2(error=[], warn=[], silence=[])', 'version_check': 'True', 'target_path': 'None', 'printer_width': '80', 'write_json': 'True', 'introspect': 'True', 'log_cache_events': 'False', 'empty': 'False', 'cache_selected_only': 'False', 'fail_fast': 'False', 'debug': 'False', 'log_format': 'default', 'partial_parse': 'True', 'send_anonymous_usage_stats': 'True', 'quiet': 'False', 'warn_error': 'None', 'profiles_dir': '.', 'indirect_selection': 'eager', 'hints_enabled': 'True', 'use_colors': 'True', 'use_experimental_parser': 'False', 'invocation_command': 'dbt run --select production_hourly --profiles-dir .', 'log_path': 'C:\\Users\\Mirela\\Desktop\\sweden-power-lakehouse\\dbt\\logs'}
[0m11:35:25.249537 [debug] [MainThread]: Spark adapter: Setting pyhive.hive logging to ERROR
[0m11:35:25.250195 [debug] [MainThread]: Spark adapter: Setting thrift.transport logging to ERROR
[0m11:35:25.250665 [debug] [MainThread]: Spark adapter: Setting thrift.protocol logging to ERROR
[0m11:35:26.918244 [debug] [MainThread]: Sending event: {'category': 'dbt', 'action': 'project_id', 'label': 'a146af23-d9d3-4cb5-a439-08b87f0b0154', 'context': [<snowplow_tracker.self_describing_json.SelfDescribingJson object at 0x00000230B1A75480>]}
[0m11:35:27.034958 [debug] [MainThread]: Sending event: {'category': 'dbt', 'action': 'adapter_info', 'label': 'a146af23-d9d3-4cb5-a439-08b87f0b0154', 'context': [<snowplow_tracker.self_describing_json.SelfDescribingJson object at 0x00000230A3484F30>]}
[0m11:35:27.036169 [info ] [MainThread]: Registered adapter: databricks=1.12.5
[0m11:35:27.698765 [debug] [MainThread]: checksum: e2d1256c77e6efbaf5ed4fcd69271aea21a9eaf776453aa326a8e70af78a63cd, vars: {}, profile: sweden_power_lakehouse, target: dev, version: 1.12.3
[0m11:35:28.066929 [debug] [MainThread]: Partial parsing enabled: 0 files deleted, 0 files added, 0 files changed.
[0m11:35:28.067537 [debug] [MainThread]: Nothing changed, skipping partial parsing.
[0m11:35:28.068012 [debug] [MainThread]: Partial parsing enabled, no changes found, skipping parsing
[0m11:35:28.079896 [warn ] [MainThread]: [[33mWARNING[0m]: Configuration paths exist in your dbt_project.yml file which do not apply to any resources.
There are 1 unused configuration paths:
- models.sweden_power_lakehouse.gold
[0m11:35:28.087968 [debug] [MainThread]: Sending event: {'category': 'dbt', 'action': 'load_project', 'label': 'a146af23-d9d3-4cb5-a439-08b87f0b0154', 'context': [<snowplow_tracker.self_describing_json.SelfDescribingJson object at 0x00000230B23A5550>]}
[0m11:35:28.422978 [debug] [MainThread]: Wrote artifact WritableManifest to C:\Users\Mirela\Desktop\sweden-power-lakehouse\dbt\target\manifest.json
[0m11:35:28.428473 [debug] [MainThread]: Wrote artifact SemanticManifest to C:\Users\Mirela\Desktop\sweden-power-lakehouse\dbt\target\semantic_manifest.json
[0m11:35:28.482563 [debug] [MainThread]: Wrote artifact OsiDocument to C:\Users\Mirela\Desktop\sweden-power-lakehouse\dbt\target\osi_document.json
[0m11:35:28.511340 [debug] [MainThread]: Sending event: {'category': 'dbt', 'action': 'resource_counts', 'label': 'a146af23-d9d3-4cb5-a439-08b87f0b0154', 'context': [<snowplow_tracker.self_describing_json.SelfDescribingJson object at 0x00000230B2214F50>]}
[0m11:35:28.512328 [info ] [MainThread]: Found 1 model, 14 data tests, 1 seed, 3 sources, 890 macros
[0m11:35:28.513606 [debug] [MainThread]: Sending event: {'category': 'dbt', 'action': 'runnable_timing', 'label': 'a146af23-d9d3-4cb5-a439-08b87f0b0154', 'context': [<snowplow_tracker.self_describing_json.SelfDescribingJson object at 0x00000230B21F3E70>]}
[0m11:35:28.518765 [info ] [MainThread]: 
[0m11:35:28.520049 [info ] [MainThread]: Concurrency: 4 threads (target='dev')
[0m11:35:28.521207 [info ] [MainThread]: 
[0m11:35:28.522588 [debug] [MainThread]: Databricks adapter: DatabricksDBTConnection(session-id=None, name=master) - Creating connection
[0m11:35:28.523296 [debug] [MainThread]: Acquiring new databricks connection 'master'
[0m11:35:28.527507 [debug] [ThreadPool]: Databricks adapter: DatabricksDBTConnection(session-id=None, name=list_workspace) - Creating connection
[0m11:35:28.528244 [debug] [ThreadPool]: Acquiring new databricks connection 'list_workspace'
[0m11:35:28.555143 [debug] [ThreadPool]: Using databricks connection "list_workspace"
[0m11:35:28.555717 [debug] [ThreadPool]: On list_workspace: /* {"app": "dbt", "dbt_version": "1.12.3", "dbt_databricks_version": "1.12.5", "databricks_sql_connector_version": "4.4.0", "profile_name": "sweden_power_lakehouse", "target_name": "dev", "invocation_id": "a146af23-d9d3-4cb5-a439-08b87f0b0154", "connection_name": "list_workspace"} */

    

  SHOW SCHEMAS IN `workspace`


  
[0m11:35:28.556212 [debug] [ThreadPool]: Opening a new connection, currently in state init
[0m11:35:30.986945 [debug] [ThreadPool]: Databricks adapter: Connection(session-id=01f1b27b-1ead-125b-ba57-68c16c8b6553) - Created
[0m11:35:31.364072 [debug] [ThreadPool]: SQL status: OK in 2.810 seconds
[0m11:35:31.376743 [debug] [ThreadPool]: Databricks adapter: Cursor(session-id=01f1b27b-1ead-125b-ba57-68c16c8b6553, command-id=01f1b27b-1f23-1658-bcb7-6067b1549dfd) - Closing
[0m11:35:31.377564 [debug] [ThreadPool]: On list_workspace: Close
[0m11:35:31.378087 [debug] [ThreadPool]: Databricks adapter: Connection(session-id=01f1b27b-1ead-125b-ba57-68c16c8b6553) - Closing
[0m11:35:31.586679 [debug] [ThreadPool]: Databricks adapter: DatabricksDBTConnection(session-id=None, name=list_workspace_silver) - Creating connection
[0m11:35:31.587342 [debug] [ThreadPool]: Acquiring new databricks connection 'list_workspace_silver'
[0m11:35:31.594321 [debug] [ThreadPool]: Using databricks connection "list_workspace_silver"
[0m11:35:31.594900 [debug] [ThreadPool]: On list_workspace_silver: /* {"app": "dbt", "dbt_version": "1.12.3", "dbt_databricks_version": "1.12.5", "databricks_sql_connector_version": "4.4.0", "profile_name": "sweden_power_lakehouse", "target_name": "dev", "invocation_id": "a146af23-d9d3-4cb5-a439-08b87f0b0154", "connection_name": "list_workspace_silver"} */

    
SELECT
  table_name,
  if(table_type IN ('EXTERNAL', 'MANAGED', 'MANAGED_SHALLOW_CLONE', 'EXTERNAL_SHALLOW_CLONE'), 'table', lower(table_type)) AS table_type,
  lower(data_source_format) AS file_format,
  table_owner,
  if(
    table_type IN (
      'EXTERNAL',
      'MANAGED',
      'MANAGED_SHALLOW_CLONE',
      'EXTERNAL_SHALLOW_CLONE'
    ),
    lower(table_type),
    NULL
  ) AS databricks_table_type
FROM `system`.`information_schema`.`tables`
WHERE table_catalog = 'workspace'
  AND table_schema = 'silver'

  
[0m11:35:31.595364 [debug] [ThreadPool]: Opening a new connection, currently in state init
[0m11:35:32.256721 [debug] [ThreadPool]: Databricks adapter: Connection(session-id=01f1b27b-1fc9-168d-ac8d-f66e06f96a52) - Created
[0m11:35:32.853802 [debug] [ThreadPool]: SQL status: OK in 1.260 seconds
[0m11:35:32.857769 [debug] [ThreadPool]: Databricks adapter: Cursor(session-id=01f1b27b-1fc9-168d-ac8d-f66e06f96a52, command-id=01f1b27b-1fe5-13e8-8604-497e40822237) - Closing
[0m11:35:32.858845 [debug] [ThreadPool]: On list_workspace_silver: Close
[0m11:35:32.859429 [debug] [ThreadPool]: Databricks adapter: Connection(session-id=01f1b27b-1fc9-168d-ac8d-f66e06f96a52) - Closing
[0m11:35:33.072576 [debug] [MainThread]: Sending event: {'category': 'dbt', 'action': 'runnable_timing', 'label': 'a146af23-d9d3-4cb5-a439-08b87f0b0154', 'context': [<snowplow_tracker.self_describing_json.SelfDescribingJson object at 0x00000230B21ABEE0>]}
[0m11:35:33.081285 [debug] [Thread-3 (]: Began running node model.sweden_power_lakehouse.production_hourly
[0m11:35:33.082416 [info ] [Thread-3 (]: 1 of 1 START sql table model silver.production_hourly .......................... [RUN]
[0m11:35:33.083659 [debug] [Thread-3 (]: Databricks adapter: DatabricksDBTConnection(session-id=None, name=model.sweden_power_lakehouse.production_hourly) - Creating connection
[0m11:35:33.084317 [debug] [Thread-3 (]: Acquiring new databricks connection 'model.sweden_power_lakehouse.production_hourly'
[0m11:35:33.084922 [debug] [Thread-3 (]: Began compiling node model.sweden_power_lakehouse.production_hourly
[0m11:35:33.097829 [debug] [Thread-3 (]: Writing injected SQL for node "model.sweden_power_lakehouse.production_hourly"
[0m11:35:33.102658 [debug] [Thread-3 (]: Began executing node model.sweden_power_lakehouse.production_hourly
[0m11:35:33.136649 [debug] [Thread-3 (]: MATERIALIZING TABLE
[0m11:35:33.192640 [debug] [Thread-3 (]: Using databricks connection "model.sweden_power_lakehouse.production_hourly"
[0m11:35:33.193320 [debug] [Thread-3 (]: On model.sweden_power_lakehouse.production_hourly: /* {"app": "dbt", "dbt_version": "1.12.3", "dbt_databricks_version": "1.12.5", "databricks_sql_connector_version": "4.4.0", "profile_name": "sweden_power_lakehouse", "target_name": "dev", "invocation_id": "a146af23-d9d3-4cb5-a439-08b87f0b0154", "node_id": "model.sweden_power_lakehouse.production_hourly"} */
SELECT
    table_catalog,
    table_schema,
    table_name,
    filter_name,
    target_columns
  FROM `workspace`.`information_schema`.`row_filters`
  WHERE table_catalog = 'workspace'
    AND table_schema = 'silver'
    AND table_name = 'production_hourly'
[0m11:35:33.193860 [debug] [Thread-3 (]: Opening a new connection, currently in state init
[0m11:35:33.808805 [debug] [Thread-3 (]: Databricks adapter: Connection(session-id=01f1b27b-20b4-17b8-bfff-1e03762c9768) - Created
[0m11:35:34.427785 [debug] [Thread-3 (]: SQL status: OK in 1.230 seconds
[0m11:35:34.430903 [debug] [Thread-3 (]: Databricks adapter: Cursor(session-id=01f1b27b-20b4-17b8-bfff-1e03762c9768, command-id=01f1b27b-20d1-1da6-8777-5920c481f13a) - Closing
[0m11:35:34.461649 [debug] [Thread-3 (]: Writing runtime sql for node "model.sweden_power_lakehouse.production_hourly"
[0m11:35:34.464905 [debug] [Thread-3 (]: Using databricks connection "model.sweden_power_lakehouse.production_hourly"
[0m11:35:34.466149 [debug] [Thread-3 (]: On model.sweden_power_lakehouse.production_hourly: /* {"app": "dbt", "dbt_version": "1.12.3", "dbt_databricks_version": "1.12.5", "databricks_sql_connector_version": "4.4.0", "profile_name": "sweden_power_lakehouse", "target_name": "dev", "invocation_id": "a146af23-d9d3-4cb5-a439-08b87f0b0154", "node_id": "model.sweden_power_lakehouse.production_hourly"} */

  
    
        create or replace table `workspace`.`silver`.`production_hourly`
      
      
    using delta
  
      
      partitioned by (area)
      
      
      
      
      
      
      as
      with raw as (

    select *
    from `workspace`.`bronze`.`mimer_production`
    -- The Summa row is the source's own aggregate, not an observation.
    where period_raw != 'Summa'

),

parsed as (

    select
        area,
        production_type,
        to_timestamp(period_raw, 'yyyy-MM-dd HH:mm')        as ts,
        to_timestamp(published_at_raw, 'yyyy-MM-dd HH:mm')  as published_at,
        -- Decimal comma. Read as a thousands separator the value would be
        -- a thousand times too large. See docs/source-differences.md.
        cast(replace(settled_kwh_raw, ',', '.') as decimal(20, 3)) / 1000
                                                            as value_mwh,
        _source_file                                        as source_file
    from raw

),

deduplicated as (

    select
        *,
        row_number() over (
            partition by area, production_type, ts
            order by published_at desc
        ) as version_rank
    from parsed

)

select
    'mimer'                                     as source,
    d.area,
    m.category,
    m.measure,
    d.ts,
    cast(d.ts as date)                          as date,
    cast(date_trunc('month', d.ts) as date)     as month,
    d.value_mwh,
    d.published_at,
    d.source_file,
    current_timestamp()                         as processed_at

from deduplicated d
left join `workspace`.`silver`.`category_mapping` m
    on  d.production_type = m.source_category
    and m.source = 'mimer'
where d.version_rank = 1
  
[0m11:35:42.177764 [debug] [Thread-3 (]: SQL status: OK in 7.710 seconds
[0m11:35:42.179171 [debug] [Thread-3 (]: Databricks adapter: Cursor(session-id=01f1b27b-20b4-17b8-bfff-1e03762c9768, command-id=01f1b27b-2136-133d-bc3e-eba34e413c53) - Closing
[0m11:35:42.412615 [debug] [Thread-3 (]: Applying tags to relation None
[0m11:35:42.440061 [debug] [Thread-3 (]: On model.sweden_power_lakehouse.production_hourly: Close
[0m11:35:42.440719 [debug] [Thread-3 (]: Databricks adapter: Connection(session-id=01f1b27b-20b4-17b8-bfff-1e03762c9768) - Closing
[0m11:35:42.630766 [debug] [Thread-3 (]: Sending event: {'category': 'dbt', 'action': 'run_model', 'label': 'a146af23-d9d3-4cb5-a439-08b87f0b0154', 'context': [<snowplow_tracker.self_describing_json.SelfDescribingJson object at 0x00000230B20C7DD0>]}
[0m11:35:42.632143 [info ] [Thread-3 (]: 1 of 1 OK created sql table model silver.production_hourly ..................... [[32mOK[0m in 9.55s]
[0m11:35:42.633597 [debug] [Thread-3 (]: Finished running node model.sweden_power_lakehouse.production_hourly
[0m11:35:42.636465 [debug] [MainThread]: Databricks adapter: DatabricksDBTConnection(session-id=None, name=master) - Creating connection
[0m11:35:42.637070 [debug] [MainThread]: Acquiring new databricks connection 'master'
[0m11:35:42.638233 [info ] [MainThread]: 
[0m11:35:42.639387 [info ] [MainThread]: Finished running 1 table model in 0 hours 0 minutes and 14.12 seconds (14.12s).
[0m11:35:42.641238 [debug] [MainThread]: Command end result
[0m11:35:42.772102 [debug] [MainThread]: Wrote artifact WritableManifest to C:\Users\Mirela\Desktop\sweden-power-lakehouse\dbt\target\manifest.json
[0m11:35:42.777540 [debug] [MainThread]: Wrote artifact SemanticManifest to C:\Users\Mirela\Desktop\sweden-power-lakehouse\dbt\target\semantic_manifest.json
[0m11:35:42.783637 [debug] [MainThread]: Wrote artifact OsiDocument to C:\Users\Mirela\Desktop\sweden-power-lakehouse\dbt\target\osi_document.json
[0m11:35:42.795123 [debug] [MainThread]: Wrote artifact RunExecutionResult to C:\Users\Mirela\Desktop\sweden-power-lakehouse\dbt\target\run_results.json
[0m11:35:42.795724 [info ] [MainThread]: 
[0m11:35:42.796641 [info ] [MainThread]: [32mCompleted successfully[0m
[0m11:35:42.797541 [info ] [MainThread]: 
[0m11:35:42.798411 [info ] [MainThread]: Done. PASS=1 WARN=0 ERROR=0 SKIP=0 NO-OP=0 REUSED=0 TOTAL=1
[0m11:35:42.800570 [debug] [MainThread]: Command `dbt run` succeeded at 11:35:42.800281 after 19.64 seconds
[0m11:35:42.801660 [debug] [MainThread]: Sending event: {'category': 'dbt', 'action': 'invocation', 'label': 'end', 'context': [<snowplow_tracker.self_describing_json.SelfDescribingJson object at 0x00000230B250E0A0>, <snowplow_tracker.self_describing_json.SelfDescribingJson object at 0x00000230B21B3C50>, <snowplow_tracker.self_describing_json.SelfDescribingJson object at 0x00000230B21B0E10>]}
[0m11:35:42.802444 [debug] [MainThread]: Flushing usage events
[0m11:35:43.297568 [debug] [MainThread]: An error was encountered while trying to flush usage events
[0m11:35:49.858551 [debug] [MainThread]: Sending event: {'category': 'dbt', 'action': 'invocation', 'label': 'start', 'context': [<snowplow_tracker.self_describing_json.SelfDescribingJson object at 0x00000139208E9FD0>, <snowplow_tracker.self_describing_json.SelfDescribingJson object at 0x000001391E46CB90>, <snowplow_tracker.self_describing_json.SelfDescribingJson object at 0x0000013923297890>]}


============================== 11:35:49.866103 | cb15f2fa-a511-4e39-ba50-5637fb0dd67a ==============================
[0m11:35:49.866103 [info ] [MainThread]: Running with dbt=1.12.3
[0m11:35:49.867344 [debug] [MainThread]: running dbt with arguments {'static_parser': 'True', 'no_print': 'None', 'version_check': 'True', 'target_path': 'None', 'warn_error_options': 'WarnErrorOptionsV2(error=[], warn=[], silence=[])', 'maximum_seed_size_mib': '1', 'printer_width': '80', 'write_json': 'True', 'empty': 'None', 'log_cache_events': 'False', 'introspect': 'True', 'cache_selected_only': 'False', 'log_format': 'default', 'debug': 'False', 'fail_fast': 'False', 'profiles_dir': '.', 'send_anonymous_usage_stats': 'True', 'quiet': 'False', 'warn_error': 'None', 'partial_parse': 'True', 'invocation_command': 'dbt test --profiles-dir .', 'hints_enabled': 'True', 'indirect_selection': 'eager', 'use_experimental_parser': 'False', 'use_colors': 'True', 'log_path': 'C:\\Users\\Mirela\\Desktop\\sweden-power-lakehouse\\dbt\\logs'}
[0m11:35:51.652460 [debug] [MainThread]: Spark adapter: Setting pyhive.hive logging to ERROR
[0m11:35:51.653225 [debug] [MainThread]: Spark adapter: Setting thrift.transport logging to ERROR
[0m11:35:51.653901 [debug] [MainThread]: Spark adapter: Setting thrift.protocol logging to ERROR
[0m11:35:53.302104 [debug] [MainThread]: Sending event: {'category': 'dbt', 'action': 'project_id', 'label': 'cb15f2fa-a511-4e39-ba50-5637fb0dd67a', 'context': [<snowplow_tracker.self_describing_json.SelfDescribingJson object at 0x000001392FAE5480>]}
[0m11:35:53.415097 [debug] [MainThread]: Sending event: {'category': 'dbt', 'action': 'adapter_info', 'label': 'cb15f2fa-a511-4e39-ba50-5637fb0dd67a', 'context': [<snowplow_tracker.self_describing_json.SelfDescribingJson object at 0x00000139214C4F30>]}
[0m11:35:53.416287 [info ] [MainThread]: Registered adapter: databricks=1.12.5
[0m11:35:54.084583 [debug] [MainThread]: checksum: e2d1256c77e6efbaf5ed4fcd69271aea21a9eaf776453aa326a8e70af78a63cd, vars: {}, profile: sweden_power_lakehouse, target: dev, version: 1.12.3
[0m11:35:54.450402 [debug] [MainThread]: Partial parsing enabled: 0 files deleted, 0 files added, 0 files changed.
[0m11:35:54.450942 [debug] [MainThread]: Nothing changed, skipping partial parsing.
[0m11:35:54.451337 [debug] [MainThread]: Partial parsing enabled, no changes found, skipping parsing
[0m11:35:54.462914 [warn ] [MainThread]: [[33mWARNING[0m]: Configuration paths exist in your dbt_project.yml file which do not apply to any resources.
There are 1 unused configuration paths:
- models.sweden_power_lakehouse.gold
[0m11:35:54.472821 [debug] [MainThread]: Sending event: {'category': 'dbt', 'action': 'load_project', 'label': 'cb15f2fa-a511-4e39-ba50-5637fb0dd67a', 'context': [<snowplow_tracker.self_describing_json.SelfDescribingJson object at 0x0000013930411550>]}
[0m11:35:54.807616 [debug] [MainThread]: Wrote artifact WritableManifest to C:\Users\Mirela\Desktop\sweden-power-lakehouse\dbt\target\manifest.json
[0m11:35:54.813697 [debug] [MainThread]: Wrote artifact SemanticManifest to C:\Users\Mirela\Desktop\sweden-power-lakehouse\dbt\target\semantic_manifest.json
[0m11:35:54.871247 [debug] [MainThread]: Wrote artifact OsiDocument to C:\Users\Mirela\Desktop\sweden-power-lakehouse\dbt\target\osi_document.json
[0m11:35:54.913263 [debug] [MainThread]: Sending event: {'category': 'dbt', 'action': 'resource_counts', 'label': 'cb15f2fa-a511-4e39-ba50-5637fb0dd67a', 'context': [<snowplow_tracker.self_describing_json.SelfDescribingJson object at 0x00000139301CAF30>]}
[0m11:35:54.914253 [info ] [MainThread]: Found 1 model, 14 data tests, 1 seed, 3 sources, 890 macros
[0m11:35:54.915376 [debug] [MainThread]: Sending event: {'category': 'dbt', 'action': 'runnable_timing', 'label': 'cb15f2fa-a511-4e39-ba50-5637fb0dd67a', 'context': [<snowplow_tracker.self_describing_json.SelfDescribingJson object at 0x000001393057FAF0>]}
[0m11:35:54.923126 [info ] [MainThread]: 
[0m11:35:54.924322 [info ] [MainThread]: Concurrency: 4 threads (target='dev')
[0m11:35:54.925299 [info ] [MainThread]: 
[0m11:35:54.927485 [debug] [MainThread]: Databricks adapter: DatabricksDBTConnection(session-id=None, name=master) - Creating connection
[0m11:35:54.928743 [debug] [MainThread]: Acquiring new databricks connection 'master'
[0m11:35:54.943362 [debug] [ThreadPool]: Databricks adapter: DatabricksDBTConnection(session-id=None, name=list_workspace_silver) - Creating connection
[0m11:35:54.944180 [debug] [ThreadPool]: Acquiring new databricks connection 'list_workspace_silver'
[0m11:35:54.966163 [debug] [ThreadPool]: Using databricks connection "list_workspace_silver"
[0m11:35:54.966768 [debug] [ThreadPool]: On list_workspace_silver: /* {"app": "dbt", "dbt_version": "1.12.3", "dbt_databricks_version": "1.12.5", "databricks_sql_connector_version": "4.4.0", "profile_name": "sweden_power_lakehouse", "target_name": "dev", "invocation_id": "cb15f2fa-a511-4e39-ba50-5637fb0dd67a", "connection_name": "list_workspace_silver"} */

    
SELECT
  table_name,
  if(table_type IN ('EXTERNAL', 'MANAGED', 'MANAGED_SHALLOW_CLONE', 'EXTERNAL_SHALLOW_CLONE'), 'table', lower(table_type)) AS table_type,
  lower(data_source_format) AS file_format,
  table_owner,
  if(
    table_type IN (
      'EXTERNAL',
      'MANAGED',
      'MANAGED_SHALLOW_CLONE',
      'EXTERNAL_SHALLOW_CLONE'
    ),
    lower(table_type),
    NULL
  ) AS databricks_table_type
FROM `system`.`information_schema`.`tables`
WHERE table_catalog = 'workspace'
  AND table_schema = 'silver'

  
[0m11:35:54.967333 [debug] [ThreadPool]: Opening a new connection, currently in state init
[0m11:35:57.323069 [debug] [ThreadPool]: Databricks adapter: Connection(session-id=01f1b27b-2e69-1279-a5e2-ab13b0e9d226) - Created
[0m11:35:57.846395 [debug] [ThreadPool]: SQL status: OK in 2.880 seconds
[0m11:35:57.860876 [debug] [ThreadPool]: Databricks adapter: Cursor(session-id=01f1b27b-2e69-1279-a5e2-ab13b0e9d226, command-id=01f1b27b-2ed6-12d2-a5dc-9df2930bb266) - Closing
[0m11:35:57.862080 [debug] [ThreadPool]: On list_workspace_silver: Close
[0m11:35:57.863026 [debug] [ThreadPool]: Databricks adapter: Connection(session-id=01f1b27b-2e69-1279-a5e2-ab13b0e9d226) - Closing
[0m11:35:58.157307 [debug] [MainThread]: Sending event: {'category': 'dbt', 'action': 'runnable_timing', 'label': 'cb15f2fa-a511-4e39-ba50-5637fb0dd67a', 'context': [<snowplow_tracker.self_describing_json.SelfDescribingJson object at 0x000001392FFAE340>]}
[0m11:35:58.166412 [debug] [Thread-2 (]: Began running node test.sweden_power_lakehouse.accepted_values_category_mapping_measure__production__consumption__total__transfer.8589d7dcd7
[0m11:35:58.167346 [debug] [Thread-4 (]: Began running node test.sweden_power_lakehouse.accepted_values_production_hourly_area__SE1__SE2__SE3__SE4.1e02f2d233
[0m11:35:58.168132 [debug] [Thread-3 (]: Began running node test.sweden_power_lakehouse.accepted_values_category_mapping_source__mimer__scb.20769f0337
[0m11:35:58.168900 [debug] [Thread-5 (]: Began running node test.sweden_power_lakehouse.accepted_values_production_hourly_source__mimer.7dbca9353d
[0m11:35:58.169774 [info ] [Thread-2 (]: 1 of 14 START test accepted_values_category_mapping_measure__production__consumption__total__transfer  [RUN]
[0m11:35:58.173255 [info ] [Thread-5 (]: 4 of 14 START test accepted_values_production_hourly_source__mimer ............. [RUN]
[0m11:35:58.177055 [debug] [Thread-5 (]: Databricks adapter: DatabricksDBTConnection(session-id=None, name=test.sweden_power_lakehouse.accepted_values_production_hourly_source__mimer.7dbca9353d) - Creating connection
[0m11:35:58.170832 [info ] [Thread-4 (]: 3 of 14 START test accepted_values_production_hourly_area__SE1__SE2__SE3__SE4 .. [RUN]
[0m11:35:58.172086 [info ] [Thread-3 (]: 2 of 14 START test accepted_values_category_mapping_source__mimer__scb ......... [RUN]
[0m11:35:58.174424 [debug] [Thread-2 (]: Databricks adapter: DatabricksDBTConnection(session-id=None, name=test.sweden_power_lakehouse.accepted_values_category_mapping_measure__production__consumption__total__transfer.8589d7dcd7) - Creating connection
[0m11:35:58.179463 [debug] [Thread-5 (]: Acquiring new databricks connection 'test.sweden_power_lakehouse.accepted_values_production_hourly_source__mimer.7dbca9353d'
[0m11:35:58.180577 [debug] [Thread-4 (]: Databricks adapter: DatabricksDBTConnection(session-id=None, name=test.sweden_power_lakehouse.accepted_values_production_hourly_area__SE1__SE2__SE3__SE4.1e02f2d233) - Creating connection
[0m11:35:58.181871 [debug] [Thread-3 (]: Databricks adapter: DatabricksDBTConnection(session-id=None, name=test.sweden_power_lakehouse.accepted_values_category_mapping_source__mimer__scb.20769f0337) - Creating connection
[0m11:35:58.182900 [debug] [Thread-2 (]: Acquiring new databricks connection 'test.sweden_power_lakehouse.accepted_values_category_mapping_measure__production__consumption__total__transfer.8589d7dcd7'
[0m11:35:58.184171 [debug] [Thread-5 (]: Began compiling node test.sweden_power_lakehouse.accepted_values_production_hourly_source__mimer.7dbca9353d
[0m11:35:58.185068 [debug] [Thread-4 (]: Acquiring new databricks connection 'test.sweden_power_lakehouse.accepted_values_production_hourly_area__SE1__SE2__SE3__SE4.1e02f2d233'
[0m11:35:58.185734 [debug] [Thread-3 (]: Acquiring new databricks connection 'test.sweden_power_lakehouse.accepted_values_category_mapping_source__mimer__scb.20769f0337'
[0m11:35:58.186415 [debug] [Thread-2 (]: Began compiling node test.sweden_power_lakehouse.accepted_values_category_mapping_measure__production__consumption__total__transfer.8589d7dcd7
[0m11:35:58.221972 [debug] [Thread-4 (]: Began compiling node test.sweden_power_lakehouse.accepted_values_production_hourly_area__SE1__SE2__SE3__SE4.1e02f2d233
[0m11:35:58.234367 [debug] [Thread-5 (]: Writing injected SQL for node "test.sweden_power_lakehouse.accepted_values_production_hourly_source__mimer.7dbca9353d"
[0m11:35:58.235150 [debug] [Thread-3 (]: Began compiling node test.sweden_power_lakehouse.accepted_values_category_mapping_source__mimer__scb.20769f0337
[0m11:35:58.312254 [debug] [Thread-2 (]: Writing injected SQL for node "test.sweden_power_lakehouse.accepted_values_category_mapping_measure__production__consumption__total__transfer.8589d7dcd7"
[0m11:35:58.327313 [debug] [Thread-4 (]: Writing injected SQL for node "test.sweden_power_lakehouse.accepted_values_production_hourly_area__SE1__SE2__SE3__SE4.1e02f2d233"
[0m11:35:58.347268 [debug] [Thread-3 (]: Writing injected SQL for node "test.sweden_power_lakehouse.accepted_values_category_mapping_source__mimer__scb.20769f0337"
[0m11:35:58.349011 [debug] [Thread-5 (]: Began executing node test.sweden_power_lakehouse.accepted_values_production_hourly_source__mimer.7dbca9353d
[0m11:35:58.379440 [debug] [Thread-5 (]: Writing runtime sql for node "test.sweden_power_lakehouse.accepted_values_production_hourly_source__mimer.7dbca9353d"
[0m11:35:58.392513 [debug] [Thread-2 (]: Began executing node test.sweden_power_lakehouse.accepted_values_category_mapping_measure__production__consumption__total__transfer.8589d7dcd7
[0m11:35:58.395880 [debug] [Thread-2 (]: Writing runtime sql for node "test.sweden_power_lakehouse.accepted_values_category_mapping_measure__production__consumption__total__transfer.8589d7dcd7"
[0m11:35:58.397082 [debug] [Thread-4 (]: Began executing node test.sweden_power_lakehouse.accepted_values_production_hourly_area__SE1__SE2__SE3__SE4.1e02f2d233
[0m11:35:58.400308 [debug] [Thread-4 (]: Writing runtime sql for node "test.sweden_power_lakehouse.accepted_values_production_hourly_area__SE1__SE2__SE3__SE4.1e02f2d233"
[0m11:35:58.401593 [debug] [Thread-3 (]: Began executing node test.sweden_power_lakehouse.accepted_values_category_mapping_source__mimer__scb.20769f0337
[0m11:35:58.406235 [debug] [Thread-3 (]: Writing runtime sql for node "test.sweden_power_lakehouse.accepted_values_category_mapping_source__mimer__scb.20769f0337"
[0m11:35:58.402841 [debug] [Thread-5 (]: Using databricks connection "test.sweden_power_lakehouse.accepted_values_production_hourly_source__mimer.7dbca9353d"
[0m11:35:58.407498 [debug] [Thread-5 (]: On test.sweden_power_lakehouse.accepted_values_production_hourly_source__mimer.7dbca9353d: /* {"app": "dbt", "dbt_version": "1.12.3", "dbt_databricks_version": "1.12.5", "databricks_sql_connector_version": "4.4.0", "profile_name": "sweden_power_lakehouse", "target_name": "dev", "invocation_id": "cb15f2fa-a511-4e39-ba50-5637fb0dd67a", "node_id": "test.sweden_power_lakehouse.accepted_values_production_hourly_source__mimer.7dbca9353d"} */

    
    select
      count(*) as failures,
      count(*) != 0 as should_warn,
      count(*) != 0 as should_error
    from (
      
    
  
    
    

with all_values as (

    select
        source as value_field,
        count(*) as n_records

    from `workspace`.`silver`.`production_hourly`
    group by source

)

select *
from all_values
where value_field not in (
    'mimer'
)



  
  
      
    ) dbt_internal_test
[0m11:35:58.409521 [debug] [Thread-5 (]: Opening a new connection, currently in state init
[0m11:35:58.408384 [debug] [Thread-4 (]: Using databricks connection "test.sweden_power_lakehouse.accepted_values_production_hourly_area__SE1__SE2__SE3__SE4.1e02f2d233"
[0m11:35:58.411544 [debug] [Thread-4 (]: On test.sweden_power_lakehouse.accepted_values_production_hourly_area__SE1__SE2__SE3__SE4.1e02f2d233: /* {"app": "dbt", "dbt_version": "1.12.3", "dbt_databricks_version": "1.12.5", "databricks_sql_connector_version": "4.4.0", "profile_name": "sweden_power_lakehouse", "target_name": "dev", "invocation_id": "cb15f2fa-a511-4e39-ba50-5637fb0dd67a", "node_id": "test.sweden_power_lakehouse.accepted_values_production_hourly_area__SE1__SE2__SE3__SE4.1e02f2d233"} */

    
    select
      count(*) as failures,
      count(*) != 0 as should_warn,
      count(*) != 0 as should_error
    from (
      
    
  
    
    

with all_values as (

    select
        area as value_field,
        count(*) as n_records

    from `workspace`.`silver`.`production_hourly`
    group by area

)

select *
from all_values
where value_field not in (
    'SE1','SE2','SE3','SE4'
)



  
  
      
    ) dbt_internal_test
[0m11:35:58.410276 [debug] [Thread-2 (]: Using databricks connection "test.sweden_power_lakehouse.accepted_values_category_mapping_measure__production__consumption__total__transfer.8589d7dcd7"
[0m11:35:58.414060 [debug] [Thread-2 (]: On test.sweden_power_lakehouse.accepted_values_category_mapping_measure__production__consumption__total__transfer.8589d7dcd7: /* {"app": "dbt", "dbt_version": "1.12.3", "dbt_databricks_version": "1.12.5", "databricks_sql_connector_version": "4.4.0", "profile_name": "sweden_power_lakehouse", "target_name": "dev", "invocation_id": "cb15f2fa-a511-4e39-ba50-5637fb0dd67a", "node_id": "test.sweden_power_lakehouse.accepted_values_category_mapping_measure__production__consumption__total__transfer.8589d7dcd7"} */

    
    select
      count(*) as failures,
      count(*) != 0 as should_warn,
      count(*) != 0 as should_error
    from (
      
    
  
    
    

with all_values as (

    select
        measure as value_field,
        count(*) as n_records

    from `workspace`.`silver`.`category_mapping`
    group by measure

)

select *
from all_values
where value_field not in (
    'production','consumption','total','transfer'
)



  
  
      
    ) dbt_internal_test
[0m11:35:58.413288 [debug] [Thread-3 (]: Using databricks connection "test.sweden_power_lakehouse.accepted_values_category_mapping_source__mimer__scb.20769f0337"
[0m11:35:58.412486 [debug] [Thread-4 (]: Opening a new connection, currently in state init
[0m11:35:58.414972 [debug] [Thread-2 (]: Opening a new connection, currently in state init
[0m11:35:58.415713 [debug] [Thread-3 (]: On test.sweden_power_lakehouse.accepted_values_category_mapping_source__mimer__scb.20769f0337: /* {"app": "dbt", "dbt_version": "1.12.3", "dbt_databricks_version": "1.12.5", "databricks_sql_connector_version": "4.4.0", "profile_name": "sweden_power_lakehouse", "target_name": "dev", "invocation_id": "cb15f2fa-a511-4e39-ba50-5637fb0dd67a", "node_id": "test.sweden_power_lakehouse.accepted_values_category_mapping_source__mimer__scb.20769f0337"} */

    
    select
      count(*) as failures,
      count(*) != 0 as should_warn,
      count(*) != 0 as should_error
    from (
      
    
  
    
    

with all_values as (

    select
        source as value_field,
        count(*) as n_records

    from `workspace`.`silver`.`category_mapping`
    group by source

)

select *
from all_values
where value_field not in (
    'mimer','scb'
)



  
  
      
    ) dbt_internal_test
[0m11:35:58.417414 [debug] [Thread-3 (]: Opening a new connection, currently in state init
[0m11:35:59.141581 [debug] [Thread-4 (]: Databricks adapter: Connection(session-id=01f1b27b-2fcf-1646-96e5-0f32e35e1213) - Created
[0m11:35:59.163009 [debug] [Thread-3 (]: Databricks adapter: Connection(session-id=01f1b27b-2fd4-127a-a472-d810593ca0b3) - Created
[0m11:35:59.164756 [debug] [Thread-2 (]: Databricks adapter: Connection(session-id=01f1b27b-2fd3-1ae7-a42e-74f6ddda58bb) - Created
[0m11:35:59.195300 [debug] [Thread-5 (]: Databricks adapter: Connection(session-id=01f1b27b-2fd9-1d11-a292-aa79043bdd84) - Created
[0m11:36:00.545150 [debug] [Thread-3 (]: SQL status: OK in 2.130 seconds
[0m11:36:00.550097 [debug] [Thread-3 (]: Databricks adapter: Cursor(session-id=01f1b27b-2fd4-127a-a472-d810593ca0b3, command-id=01f1b27b-2fee-1b11-a1b7-1dfd3170ef7e) - Closing
[0m11:36:00.556009 [debug] [Thread-3 (]: On test.sweden_power_lakehouse.accepted_values_category_mapping_source__mimer__scb.20769f0337: Close
[0m11:36:00.556642 [debug] [Thread-3 (]: Databricks adapter: Connection(session-id=01f1b27b-2fd4-127a-a472-d810593ca0b3) - Closing
[0m11:36:00.576810 [debug] [Thread-2 (]: SQL status: OK in 2.160 seconds
[0m11:36:00.579737 [debug] [Thread-2 (]: Databricks adapter: Cursor(session-id=01f1b27b-2fd3-1ae7-a42e-74f6ddda58bb, command-id=01f1b27b-2fee-19af-89d3-f42e889bf852) - Closing
[0m11:36:00.725202 [debug] [Thread-5 (]: SQL status: OK in 2.320 seconds
[0m11:36:00.728038 [debug] [Thread-5 (]: Databricks adapter: Cursor(session-id=01f1b27b-2fd9-1d11-a292-aa79043bdd84, command-id=01f1b27b-2ff4-1e76-ab6a-4bc44da73cda) - Closing
[0m11:36:00.740658 [debug] [Thread-2 (]: On test.sweden_power_lakehouse.accepted_values_category_mapping_measure__production__consumption__total__transfer.8589d7dcd7: Close
[0m11:36:00.741311 [debug] [Thread-2 (]: Databricks adapter: Connection(session-id=01f1b27b-2fd3-1ae7-a42e-74f6ddda58bb) - Closing
[0m11:36:00.921390 [debug] [Thread-5 (]: On test.sweden_power_lakehouse.accepted_values_production_hourly_source__mimer.7dbca9353d: Close
[0m11:36:00.922248 [debug] [Thread-5 (]: Databricks adapter: Connection(session-id=01f1b27b-2fd9-1d11-a292-aa79043bdd84) - Closing
[0m11:36:01.127470 [info ] [Thread-3 (]: 2 of 14 PASS accepted_values_category_mapping_source__mimer__scb ............... [[32mPASS[0m in 2.95s]
[0m11:36:01.130897 [debug] [Thread-3 (]: Finished running node test.sweden_power_lakehouse.accepted_values_category_mapping_source__mimer__scb.20769f0337
[0m11:36:01.132077 [debug] [Thread-3 (]: Began running node test.sweden_power_lakehouse.dbt_utils_unique_combination_of_columns_production_hourly_area__category__ts.5cd94691e9
[0m11:36:01.128337 [info ] [Thread-2 (]: 1 of 14 PASS accepted_values_category_mapping_measure__production__consumption__total__transfer  [[32mPASS[0m in 2.95s]
[0m11:36:01.135756 [debug] [Thread-2 (]: Finished running node test.sweden_power_lakehouse.accepted_values_category_mapping_measure__production__consumption__total__transfer.8589d7dcd7
[0m11:36:01.129347 [info ] [Thread-5 (]: 4 of 14 PASS accepted_values_production_hourly_source__mimer ................... [[32mPASS[0m in 2.95s]
[0m11:36:01.138463 [debug] [Thread-5 (]: Finished running node test.sweden_power_lakehouse.accepted_values_production_hourly_source__mimer.7dbca9353d
[0m11:36:01.133678 [info ] [Thread-3 (]: 5 of 14 START test dbt_utils_unique_combination_of_columns_production_hourly_area__category__ts  [RUN]
[0m11:36:01.136804 [debug] [Thread-2 (]: Began running node test.sweden_power_lakehouse.not_null_category_mapping_category.8b3d5720b1
[0m11:36:01.139819 [debug] [Thread-5 (]: Began running node test.sweden_power_lakehouse.not_null_production_hourly_area.0871d3b78c
[0m11:36:01.143012 [info ] [Thread-2 (]: 6 of 14 START test not_null_category_mapping_category .......................... [RUN]
[0m11:36:01.142201 [debug] [Thread-3 (]: Databricks adapter: DatabricksDBTConnection(session-id=None, name=test.sweden_power_lakehouse.dbt_utils_unique_combination_of_columns_production_hourly_area__category__ts.5cd94691e9) - Creating connection
[0m11:36:01.146702 [debug] [Thread-3 (]: Acquiring new databricks connection 'test.sweden_power_lakehouse.dbt_utils_unique_combination_of_columns_production_hourly_area__category__ts.5cd94691e9'
[0m11:36:01.147302 [debug] [Thread-3 (]: Began compiling node test.sweden_power_lakehouse.dbt_utils_unique_combination_of_columns_production_hourly_area__category__ts.5cd94691e9
[0m11:36:01.145669 [debug] [Thread-2 (]: Databricks adapter: DatabricksDBTConnection(session-id=None, name=test.sweden_power_lakehouse.not_null_category_mapping_category.8b3d5720b1) - Creating connection
[0m11:36:01.143833 [info ] [Thread-5 (]: 7 of 14 START test not_null_production_hourly_area ............................. [RUN]
[0m11:36:01.191738 [debug] [Thread-2 (]: Acquiring new databricks connection 'test.sweden_power_lakehouse.not_null_category_mapping_category.8b3d5720b1'
[0m11:36:01.200334 [debug] [Thread-3 (]: Writing injected SQL for node "test.sweden_power_lakehouse.dbt_utils_unique_combination_of_columns_production_hourly_area__category__ts.5cd94691e9"
[0m11:36:01.201533 [debug] [Thread-5 (]: Databricks adapter: DatabricksDBTConnection(session-id=None, name=test.sweden_power_lakehouse.not_null_production_hourly_area.0871d3b78c) - Creating connection
[0m11:36:01.203140 [debug] [Thread-5 (]: Acquiring new databricks connection 'test.sweden_power_lakehouse.not_null_production_hourly_area.0871d3b78c'
[0m11:36:01.202250 [debug] [Thread-2 (]: Began compiling node test.sweden_power_lakehouse.not_null_category_mapping_category.8b3d5720b1
[0m11:36:01.203844 [debug] [Thread-5 (]: Began compiling node test.sweden_power_lakehouse.not_null_production_hourly_area.0871d3b78c
[0m11:36:01.233008 [debug] [Thread-2 (]: Writing injected SQL for node "test.sweden_power_lakehouse.not_null_category_mapping_category.8b3d5720b1"
[0m11:36:01.238686 [debug] [Thread-3 (]: Began executing node test.sweden_power_lakehouse.dbt_utils_unique_combination_of_columns_production_hourly_area__category__ts.5cd94691e9
[0m11:36:01.242107 [debug] [Thread-3 (]: Writing runtime sql for node "test.sweden_power_lakehouse.dbt_utils_unique_combination_of_columns_production_hourly_area__category__ts.5cd94691e9"
[0m11:36:01.239227 [debug] [Thread-5 (]: Writing injected SQL for node "test.sweden_power_lakehouse.not_null_production_hourly_area.0871d3b78c"
[0m11:36:01.243532 [debug] [Thread-2 (]: Began executing node test.sweden_power_lakehouse.not_null_category_mapping_category.8b3d5720b1
[0m11:36:01.246858 [debug] [Thread-2 (]: Writing runtime sql for node "test.sweden_power_lakehouse.not_null_category_mapping_category.8b3d5720b1"
[0m11:36:01.248102 [debug] [Thread-5 (]: Began executing node test.sweden_power_lakehouse.not_null_production_hourly_area.0871d3b78c
[0m11:36:01.250773 [debug] [Thread-5 (]: Writing runtime sql for node "test.sweden_power_lakehouse.not_null_production_hourly_area.0871d3b78c"
[0m11:36:01.273070 [debug] [Thread-2 (]: Using databricks connection "test.sweden_power_lakehouse.not_null_category_mapping_category.8b3d5720b1"
[0m11:36:01.274992 [debug] [Thread-2 (]: On test.sweden_power_lakehouse.not_null_category_mapping_category.8b3d5720b1: /* {"app": "dbt", "dbt_version": "1.12.3", "dbt_databricks_version": "1.12.5", "databricks_sql_connector_version": "4.4.0", "profile_name": "sweden_power_lakehouse", "target_name": "dev", "invocation_id": "cb15f2fa-a511-4e39-ba50-5637fb0dd67a", "node_id": "test.sweden_power_lakehouse.not_null_category_mapping_category.8b3d5720b1"} */

    
    select
      count(*) as failures,
      count(*) != 0 as should_warn,
      count(*) != 0 as should_error
    from (
      
    
  
    
    



select category
from `workspace`.`silver`.`category_mapping`
where category is null



  
  
      
    ) dbt_internal_test
[0m11:36:01.275816 [debug] [Thread-2 (]: Opening a new connection, currently in state init
[0m11:36:01.274238 [debug] [Thread-3 (]: Using databricks connection "test.sweden_power_lakehouse.dbt_utils_unique_combination_of_columns_production_hourly_area__category__ts.5cd94691e9"
[0m11:36:01.276912 [debug] [Thread-3 (]: On test.sweden_power_lakehouse.dbt_utils_unique_combination_of_columns_production_hourly_area__category__ts.5cd94691e9: /* {"app": "dbt", "dbt_version": "1.12.3", "dbt_databricks_version": "1.12.5", "databricks_sql_connector_version": "4.4.0", "profile_name": "sweden_power_lakehouse", "target_name": "dev", "invocation_id": "cb15f2fa-a511-4e39-ba50-5637fb0dd67a", "node_id": "test.sweden_power_lakehouse.dbt_utils_unique_combination_of_columns_production_hourly_area__category__ts.5cd94691e9"} */

    
    select
      count(*) as failures,
      count(*) != 0 as should_warn,
      count(*) != 0 as should_error
    from (
      
    
  





with validation_errors as (

    select
        area, category, ts
    from `workspace`.`silver`.`production_hourly`
    group by area, category, ts
    having count(*) > 1

)

select *
from validation_errors



  
  
      
    ) dbt_internal_test
[0m11:36:01.278645 [debug] [Thread-3 (]: Opening a new connection, currently in state init
[0m11:36:01.277911 [debug] [Thread-5 (]: Using databricks connection "test.sweden_power_lakehouse.not_null_production_hourly_area.0871d3b78c"
[0m11:36:01.279890 [debug] [Thread-5 (]: On test.sweden_power_lakehouse.not_null_production_hourly_area.0871d3b78c: /* {"app": "dbt", "dbt_version": "1.12.3", "dbt_databricks_version": "1.12.5", "databricks_sql_connector_version": "4.4.0", "profile_name": "sweden_power_lakehouse", "target_name": "dev", "invocation_id": "cb15f2fa-a511-4e39-ba50-5637fb0dd67a", "node_id": "test.sweden_power_lakehouse.not_null_production_hourly_area.0871d3b78c"} */

    
    select
      count(*) as failures,
      count(*) != 0 as should_warn,
      count(*) != 0 as should_error
    from (
      
    
  
    
    



select area
from `workspace`.`silver`.`production_hourly`
where area is null



  
  
      
    ) dbt_internal_test
[0m11:36:01.280606 [debug] [Thread-5 (]: Opening a new connection, currently in state init
[0m11:36:01.886758 [debug] [Thread-4 (]: SQL status: OK in 3.470 seconds
[0m11:36:01.890295 [debug] [Thread-4 (]: Databricks adapter: Cursor(session-id=01f1b27b-2fcf-1646-96e5-0f32e35e1213, command-id=01f1b27b-2fed-1354-b952-2b367d988f79) - Closing
[0m11:36:01.891507 [debug] [Thread-4 (]: On test.sweden_power_lakehouse.accepted_values_production_hourly_area__SE1__SE2__SE3__SE4.1e02f2d233: Close
[0m11:36:01.892144 [debug] [Thread-4 (]: Databricks adapter: Connection(session-id=01f1b27b-2fcf-1646-96e5-0f32e35e1213) - Closing
[0m11:36:01.927933 [debug] [Thread-2 (]: Databricks adapter: Connection(session-id=01f1b27b-317c-1682-bc04-3a41e42a558f) - Created
[0m11:36:01.945467 [debug] [Thread-3 (]: Databricks adapter: Connection(session-id=01f1b27b-317c-1dc1-90cb-51e342a66380) - Created
[0m11:36:01.977618 [debug] [Thread-5 (]: Databricks adapter: Connection(session-id=01f1b27b-3182-1c76-8ccf-c4908a69210e) - Created
[0m11:36:02.095757 [info ] [Thread-4 (]: 3 of 14 PASS accepted_values_production_hourly_area__SE1__SE2__SE3__SE4 ........ [[32mPASS[0m in 3.92s]
[0m11:36:02.097143 [debug] [Thread-4 (]: Finished running node test.sweden_power_lakehouse.accepted_values_production_hourly_area__SE1__SE2__SE3__SE4.1e02f2d233
[0m11:36:02.098134 [debug] [Thread-4 (]: Began running node test.sweden_power_lakehouse.not_null_production_hourly_category.d6f905a46a
[0m11:36:02.098979 [info ] [Thread-4 (]: 8 of 14 START test not_null_production_hourly_category ......................... [RUN]
[0m11:36:02.100483 [debug] [Thread-4 (]: Databricks adapter: DatabricksDBTConnection(session-id=None, name=test.sweden_power_lakehouse.not_null_production_hourly_category.d6f905a46a) - Creating connection
[0m11:36:02.101552 [debug] [Thread-4 (]: Acquiring new databricks connection 'test.sweden_power_lakehouse.not_null_production_hourly_category.d6f905a46a'
[0m11:36:02.102301 [debug] [Thread-4 (]: Began compiling node test.sweden_power_lakehouse.not_null_production_hourly_category.d6f905a46a
[0m11:36:02.119750 [debug] [Thread-4 (]: Writing injected SQL for node "test.sweden_power_lakehouse.not_null_production_hourly_category.d6f905a46a"
[0m11:36:02.121538 [debug] [Thread-4 (]: Began executing node test.sweden_power_lakehouse.not_null_production_hourly_category.d6f905a46a
[0m11:36:02.124117 [debug] [Thread-4 (]: Writing runtime sql for node "test.sweden_power_lakehouse.not_null_production_hourly_category.d6f905a46a"
[0m11:36:02.126371 [debug] [Thread-4 (]: Using databricks connection "test.sweden_power_lakehouse.not_null_production_hourly_category.d6f905a46a"
[0m11:36:02.127304 [debug] [Thread-4 (]: On test.sweden_power_lakehouse.not_null_production_hourly_category.d6f905a46a: /* {"app": "dbt", "dbt_version": "1.12.3", "dbt_databricks_version": "1.12.5", "databricks_sql_connector_version": "4.4.0", "profile_name": "sweden_power_lakehouse", "target_name": "dev", "invocation_id": "cb15f2fa-a511-4e39-ba50-5637fb0dd67a", "node_id": "test.sweden_power_lakehouse.not_null_production_hourly_category.d6f905a46a"} */

    
    select
      count(*) as failures,
      count(*) != 0 as should_warn,
      count(*) != 0 as should_error
    from (
      
    
  
    
    



select category
from `workspace`.`silver`.`production_hourly`
where category is null



  
  
      
    ) dbt_internal_test
[0m11:36:02.127990 [debug] [Thread-4 (]: Opening a new connection, currently in state init
[0m11:36:02.746219 [debug] [Thread-2 (]: SQL status: OK in 1.470 seconds
[0m11:36:02.749093 [debug] [Thread-2 (]: Databricks adapter: Cursor(session-id=01f1b27b-317c-1682-bc04-3a41e42a558f, command-id=01f1b27b-3194-1006-b015-da56c404f361) - Closing
[0m11:36:02.750062 [debug] [Thread-2 (]: On test.sweden_power_lakehouse.not_null_category_mapping_category.8b3d5720b1: Close
[0m11:36:02.750595 [debug] [Thread-2 (]: Databricks adapter: Connection(session-id=01f1b27b-317c-1682-bc04-3a41e42a558f) - Closing
[0m11:36:02.763208 [debug] [Thread-4 (]: Databricks adapter: Connection(session-id=01f1b27b-31fa-18be-b388-a41c56f9f117) - Created
[0m11:36:02.931292 [info ] [Thread-2 (]: 6 of 14 PASS not_null_category_mapping_category ................................ [[32mPASS[0m in 1.79s]
[0m11:36:02.932683 [debug] [Thread-2 (]: Finished running node test.sweden_power_lakehouse.not_null_category_mapping_category.8b3d5720b1
[0m11:36:02.933504 [debug] [Thread-2 (]: Began running node test.sweden_power_lakehouse.not_null_production_hourly_published_at.6087d9a0e6
[0m11:36:02.934347 [info ] [Thread-2 (]: 9 of 14 START test not_null_production_hourly_published_at ..................... [RUN]
[0m11:36:02.935683 [debug] [Thread-2 (]: Databricks adapter: DatabricksDBTConnection(session-id=None, name=test.sweden_power_lakehouse.not_null_production_hourly_published_at.6087d9a0e6) - Creating connection
[0m11:36:02.936438 [debug] [Thread-2 (]: Acquiring new databricks connection 'test.sweden_power_lakehouse.not_null_production_hourly_published_at.6087d9a0e6'
[0m11:36:02.937273 [debug] [Thread-2 (]: Began compiling node test.sweden_power_lakehouse.not_null_production_hourly_published_at.6087d9a0e6
[0m11:36:02.953218 [debug] [Thread-2 (]: Writing injected SQL for node "test.sweden_power_lakehouse.not_null_production_hourly_published_at.6087d9a0e6"
[0m11:36:02.955492 [debug] [Thread-2 (]: Began executing node test.sweden_power_lakehouse.not_null_production_hourly_published_at.6087d9a0e6
[0m11:36:02.958954 [debug] [Thread-2 (]: Writing runtime sql for node "test.sweden_power_lakehouse.not_null_production_hourly_published_at.6087d9a0e6"
[0m11:36:02.960402 [debug] [Thread-2 (]: Using databricks connection "test.sweden_power_lakehouse.not_null_production_hourly_published_at.6087d9a0e6"
[0m11:36:02.961224 [debug] [Thread-2 (]: On test.sweden_power_lakehouse.not_null_production_hourly_published_at.6087d9a0e6: /* {"app": "dbt", "dbt_version": "1.12.3", "dbt_databricks_version": "1.12.5", "databricks_sql_connector_version": "4.4.0", "profile_name": "sweden_power_lakehouse", "target_name": "dev", "invocation_id": "cb15f2fa-a511-4e39-ba50-5637fb0dd67a", "node_id": "test.sweden_power_lakehouse.not_null_production_hourly_published_at.6087d9a0e6"} */

    
    select
      count(*) as failures,
      count(*) != 0 as should_warn,
      count(*) != 0 as should_error
    from (
      
    
  
    
    



select published_at
from `workspace`.`silver`.`production_hourly`
where published_at is null



  
  
      
    ) dbt_internal_test
[0m11:36:02.961864 [debug] [Thread-2 (]: Opening a new connection, currently in state init
[0m11:36:03.250038 [debug] [Thread-5 (]: SQL status: OK in 1.970 seconds
[0m11:36:03.253364 [debug] [Thread-5 (]: Databricks adapter: Cursor(session-id=01f1b27b-3182-1c76-8ccf-c4908a69210e, command-id=01f1b27b-319c-184e-b558-1b2df7f800f6) - Closing
[0m11:36:03.255147 [debug] [Thread-5 (]: On test.sweden_power_lakehouse.not_null_production_hourly_area.0871d3b78c: Close
[0m11:36:03.255735 [debug] [Thread-5 (]: Databricks adapter: Connection(session-id=01f1b27b-3182-1c76-8ccf-c4908a69210e) - Closing
[0m11:36:03.456421 [info ] [Thread-5 (]: 7 of 14 PASS not_null_production_hourly_area ................................... [[32mPASS[0m in 2.26s]
[0m11:36:03.458066 [debug] [Thread-5 (]: Finished running node test.sweden_power_lakehouse.not_null_production_hourly_area.0871d3b78c
[0m11:36:03.458962 [debug] [Thread-5 (]: Began running node test.sweden_power_lakehouse.not_null_production_hourly_source.ddbdc119da
[0m11:36:03.459794 [info ] [Thread-5 (]: 10 of 14 START test not_null_production_hourly_source .......................... [RUN]
[0m11:36:03.461228 [debug] [Thread-5 (]: Databricks adapter: DatabricksDBTConnection(session-id=None, name=test.sweden_power_lakehouse.not_null_production_hourly_source.ddbdc119da) - Creating connection
[0m11:36:03.462233 [debug] [Thread-5 (]: Acquiring new databricks connection 'test.sweden_power_lakehouse.not_null_production_hourly_source.ddbdc119da'
[0m11:36:03.462970 [debug] [Thread-5 (]: Began compiling node test.sweden_power_lakehouse.not_null_production_hourly_source.ddbdc119da
[0m11:36:03.477364 [debug] [Thread-5 (]: Writing injected SQL for node "test.sweden_power_lakehouse.not_null_production_hourly_source.ddbdc119da"
[0m11:36:03.478988 [debug] [Thread-5 (]: Began executing node test.sweden_power_lakehouse.not_null_production_hourly_source.ddbdc119da
[0m11:36:03.481490 [debug] [Thread-5 (]: Writing runtime sql for node "test.sweden_power_lakehouse.not_null_production_hourly_source.ddbdc119da"
[0m11:36:03.484424 [debug] [Thread-5 (]: Using databricks connection "test.sweden_power_lakehouse.not_null_production_hourly_source.ddbdc119da"
[0m11:36:03.485776 [debug] [Thread-5 (]: On test.sweden_power_lakehouse.not_null_production_hourly_source.ddbdc119da: /* {"app": "dbt", "dbt_version": "1.12.3", "dbt_databricks_version": "1.12.5", "databricks_sql_connector_version": "4.4.0", "profile_name": "sweden_power_lakehouse", "target_name": "dev", "invocation_id": "cb15f2fa-a511-4e39-ba50-5637fb0dd67a", "node_id": "test.sweden_power_lakehouse.not_null_production_hourly_source.ddbdc119da"} */

    
    select
      count(*) as failures,
      count(*) != 0 as should_warn,
      count(*) != 0 as should_error
    from (
      
    
  
    
    



select source
from `workspace`.`silver`.`production_hourly`
where source is null



  
  
      
    ) dbt_internal_test
[0m11:36:03.486543 [debug] [Thread-5 (]: Opening a new connection, currently in state init
[0m11:36:03.529397 [debug] [Thread-2 (]: Databricks adapter: Connection(session-id=01f1b27b-3271-1004-ba6a-8754bf6d30eb) - Created
[0m11:36:03.662516 [debug] [Thread-3 (]: SQL status: OK in 2.380 seconds
[0m11:36:03.665913 [debug] [Thread-3 (]: Databricks adapter: Cursor(session-id=01f1b27b-317c-1dc1-90cb-51e342a66380, command-id=01f1b27b-3196-1c70-a2a9-1a6d6af5d539) - Closing
[0m11:36:03.667164 [debug] [Thread-3 (]: On test.sweden_power_lakehouse.dbt_utils_unique_combination_of_columns_production_hourly_area__category__ts.5cd94691e9: Close
[0m11:36:03.667894 [debug] [Thread-3 (]: Databricks adapter: Connection(session-id=01f1b27b-317c-1dc1-90cb-51e342a66380) - Closing
[0m11:36:03.860629 [info ] [Thread-3 (]: 5 of 14 PASS dbt_utils_unique_combination_of_columns_production_hourly_area__category__ts  [[32mPASS[0m in 2.72s]
[0m11:36:03.861997 [debug] [Thread-3 (]: Finished running node test.sweden_power_lakehouse.dbt_utils_unique_combination_of_columns_production_hourly_area__category__ts.5cd94691e9
[0m11:36:03.862901 [debug] [Thread-3 (]: Began running node test.sweden_power_lakehouse.not_null_production_hourly_ts.8bea084dd4
[0m11:36:03.863845 [info ] [Thread-3 (]: 11 of 14 START test not_null_production_hourly_ts .............................. [RUN]
[0m11:36:03.865255 [debug] [Thread-3 (]: Databricks adapter: DatabricksDBTConnection(session-id=None, name=test.sweden_power_lakehouse.not_null_production_hourly_ts.8bea084dd4) - Creating connection
[0m11:36:03.866355 [debug] [Thread-3 (]: Acquiring new databricks connection 'test.sweden_power_lakehouse.not_null_production_hourly_ts.8bea084dd4'
[0m11:36:03.867194 [debug] [Thread-3 (]: Began compiling node test.sweden_power_lakehouse.not_null_production_hourly_ts.8bea084dd4
[0m11:36:03.880747 [debug] [Thread-3 (]: Writing injected SQL for node "test.sweden_power_lakehouse.not_null_production_hourly_ts.8bea084dd4"
[0m11:36:03.884336 [debug] [Thread-3 (]: Began executing node test.sweden_power_lakehouse.not_null_production_hourly_ts.8bea084dd4
[0m11:36:03.887291 [debug] [Thread-3 (]: Writing runtime sql for node "test.sweden_power_lakehouse.not_null_production_hourly_ts.8bea084dd4"
[0m11:36:03.888871 [debug] [Thread-3 (]: Using databricks connection "test.sweden_power_lakehouse.not_null_production_hourly_ts.8bea084dd4"
[0m11:36:03.889847 [debug] [Thread-3 (]: On test.sweden_power_lakehouse.not_null_production_hourly_ts.8bea084dd4: /* {"app": "dbt", "dbt_version": "1.12.3", "dbt_databricks_version": "1.12.5", "databricks_sql_connector_version": "4.4.0", "profile_name": "sweden_power_lakehouse", "target_name": "dev", "invocation_id": "cb15f2fa-a511-4e39-ba50-5637fb0dd67a", "node_id": "test.sweden_power_lakehouse.not_null_production_hourly_ts.8bea084dd4"} */

    
    select
      count(*) as failures,
      count(*) != 0 as should_warn,
      count(*) != 0 as should_error
    from (
      
    
  
    
    



select ts
from `workspace`.`silver`.`production_hourly`
where ts is null



  
  
      
    ) dbt_internal_test
[0m11:36:03.890673 [debug] [Thread-3 (]: Opening a new connection, currently in state init
[0m11:36:04.073127 [debug] [Thread-5 (]: Databricks adapter: Connection(session-id=01f1b27b-32c3-1360-9a3e-9b69bbd17b04) - Created
[0m11:36:04.078834 [debug] [Thread-4 (]: SQL status: OK in 1.950 seconds
[0m11:36:04.081853 [debug] [Thread-4 (]: Databricks adapter: Cursor(session-id=01f1b27b-31fa-18be-b388-a41c56f9f117, command-id=01f1b27b-3215-1809-ade6-31fddb4467de) - Closing
[0m11:36:04.083014 [debug] [Thread-4 (]: On test.sweden_power_lakehouse.not_null_production_hourly_category.d6f905a46a: Close
[0m11:36:04.083652 [debug] [Thread-4 (]: Databricks adapter: Connection(session-id=01f1b27b-31fa-18be-b388-a41c56f9f117) - Closing
[0m11:36:04.279826 [info ] [Thread-4 (]: 8 of 14 PASS not_null_production_hourly_category ............................... [[32mPASS[0m in 2.18s]
[0m11:36:04.281191 [debug] [Thread-4 (]: Finished running node test.sweden_power_lakehouse.not_null_production_hourly_category.d6f905a46a
[0m11:36:04.282082 [debug] [Thread-4 (]: Began running node test.sweden_power_lakehouse.not_null_production_hourly_value_mwh.93c26a886b
[0m11:36:04.282900 [info ] [Thread-4 (]: 12 of 14 START test not_null_production_hourly_value_mwh ....................... [RUN]
[0m11:36:04.284246 [debug] [Thread-4 (]: Databricks adapter: DatabricksDBTConnection(session-id=None, name=test.sweden_power_lakehouse.not_null_production_hourly_value_mwh.93c26a886b) - Creating connection
[0m11:36:04.285006 [debug] [Thread-4 (]: Acquiring new databricks connection 'test.sweden_power_lakehouse.not_null_production_hourly_value_mwh.93c26a886b'
[0m11:36:04.285815 [debug] [Thread-4 (]: Began compiling node test.sweden_power_lakehouse.not_null_production_hourly_value_mwh.93c26a886b
[0m11:36:04.301892 [debug] [Thread-4 (]: Writing injected SQL for node "test.sweden_power_lakehouse.not_null_production_hourly_value_mwh.93c26a886b"
[0m11:36:04.304574 [debug] [Thread-4 (]: Began executing node test.sweden_power_lakehouse.not_null_production_hourly_value_mwh.93c26a886b
[0m11:36:04.310951 [debug] [Thread-4 (]: Writing runtime sql for node "test.sweden_power_lakehouse.not_null_production_hourly_value_mwh.93c26a886b"
[0m11:36:04.313864 [debug] [Thread-4 (]: Using databricks connection "test.sweden_power_lakehouse.not_null_production_hourly_value_mwh.93c26a886b"
[0m11:36:04.315007 [debug] [Thread-4 (]: On test.sweden_power_lakehouse.not_null_production_hourly_value_mwh.93c26a886b: /* {"app": "dbt", "dbt_version": "1.12.3", "dbt_databricks_version": "1.12.5", "databricks_sql_connector_version": "4.4.0", "profile_name": "sweden_power_lakehouse", "target_name": "dev", "invocation_id": "cb15f2fa-a511-4e39-ba50-5637fb0dd67a", "node_id": "test.sweden_power_lakehouse.not_null_production_hourly_value_mwh.93c26a886b"} */

    
    select
      count(*) as failures,
      count(*) != 0 as should_warn,
      count(*) != 0 as should_error
    from (
      
    
  
    
    



select value_mwh
from `workspace`.`silver`.`production_hourly`
where value_mwh is null



  
  
      
    ) dbt_internal_test
[0m11:36:04.315716 [debug] [Thread-4 (]: Opening a new connection, currently in state init
[0m11:36:04.507315 [debug] [Thread-3 (]: Databricks adapter: Connection(session-id=01f1b27b-3305-12f6-a7d0-58d85654f5fc) - Created
[0m11:36:04.666033 [debug] [Thread-2 (]: SQL status: OK in 1.700 seconds
[0m11:36:04.668866 [debug] [Thread-2 (]: Databricks adapter: Cursor(session-id=01f1b27b-3271-1004-ba6a-8754bf6d30eb, command-id=01f1b27b-3289-14b9-b31f-320e2ae2ba9f) - Closing
[0m11:36:04.669816 [debug] [Thread-2 (]: On test.sweden_power_lakehouse.not_null_production_hourly_published_at.6087d9a0e6: Close
[0m11:36:04.670350 [debug] [Thread-2 (]: Databricks adapter: Connection(session-id=01f1b27b-3271-1004-ba6a-8754bf6d30eb) - Closing
[0m11:36:04.856399 [info ] [Thread-2 (]: 9 of 14 PASS not_null_production_hourly_published_at ........................... [[32mPASS[0m in 1.92s]
[0m11:36:04.858864 [debug] [Thread-2 (]: Finished running node test.sweden_power_lakehouse.not_null_production_hourly_published_at.6087d9a0e6
[0m11:36:04.860570 [debug] [Thread-2 (]: Began running node test.sweden_power_lakehouse.relationships_production_hourly_category__category__ref_category_mapping_.50c984e9c3
[0m11:36:04.862706 [info ] [Thread-2 (]: 13 of 14 START test relationships_production_hourly_category__category__ref_category_mapping_  [RUN]
[0m11:36:04.866061 [debug] [Thread-2 (]: Databricks adapter: DatabricksDBTConnection(session-id=None, name=test.sweden_power_lakehouse.relationships_production_hourly_category__category__ref_category_mapping_.50c984e9c3) - Creating connection
[0m11:36:04.867597 [debug] [Thread-2 (]: Acquiring new databricks connection 'test.sweden_power_lakehouse.relationships_production_hourly_category__category__ref_category_mapping_.50c984e9c3'
[0m11:36:04.869394 [debug] [Thread-2 (]: Began compiling node test.sweden_power_lakehouse.relationships_production_hourly_category__category__ref_category_mapping_.50c984e9c3
[0m11:36:04.916008 [debug] [Thread-2 (]: Writing injected SQL for node "test.sweden_power_lakehouse.relationships_production_hourly_category__category__ref_category_mapping_.50c984e9c3"
[0m11:36:04.918588 [debug] [Thread-2 (]: Began executing node test.sweden_power_lakehouse.relationships_production_hourly_category__category__ref_category_mapping_.50c984e9c3
[0m11:36:04.923065 [debug] [Thread-2 (]: Writing runtime sql for node "test.sweden_power_lakehouse.relationships_production_hourly_category__category__ref_category_mapping_.50c984e9c3"
[0m11:36:04.925394 [debug] [Thread-2 (]: Using databricks connection "test.sweden_power_lakehouse.relationships_production_hourly_category__category__ref_category_mapping_.50c984e9c3"
[0m11:36:04.927007 [debug] [Thread-2 (]: On test.sweden_power_lakehouse.relationships_production_hourly_category__category__ref_category_mapping_.50c984e9c3: /* {"app": "dbt", "dbt_version": "1.12.3", "dbt_databricks_version": "1.12.5", "databricks_sql_connector_version": "4.4.0", "profile_name": "sweden_power_lakehouse", "target_name": "dev", "invocation_id": "cb15f2fa-a511-4e39-ba50-5637fb0dd67a", "node_id": "test.sweden_power_lakehouse.relationships_production_hourly_category__category__ref_category_mapping_.50c984e9c3"} */

    
    select
      count(*) as failures,
      count(*) != 0 as should_warn,
      count(*) != 0 as should_error
    from (
      
    
  
    
    

with child as (
    select category as from_field
    from `workspace`.`silver`.`production_hourly`
    where category is not null
),

parent as (
    select category as to_field
    from `workspace`.`silver`.`category_mapping`
)

select
    from_field

from child
left join parent
    on child.from_field = parent.to_field

where parent.to_field is null



  
  
      
    ) dbt_internal_test
[0m11:36:04.928273 [debug] [Thread-2 (]: Opening a new connection, currently in state init
[0m11:36:04.959758 [debug] [Thread-4 (]: Databricks adapter: Connection(session-id=01f1b27b-3347-12b8-9605-5143f4f4ccf3) - Created
[0m11:36:05.367111 [debug] [Thread-5 (]: SQL status: OK in 1.880 seconds
[0m11:36:05.370441 [debug] [Thread-5 (]: Databricks adapter: Cursor(session-id=01f1b27b-32c3-1360-9a3e-9b69bbd17b04, command-id=01f1b27b-32db-1c0e-b4e5-ccf501019d1e) - Closing
[0m11:36:05.371553 [debug] [Thread-5 (]: On test.sweden_power_lakehouse.not_null_production_hourly_source.ddbdc119da: Close
[0m11:36:05.372205 [debug] [Thread-5 (]: Databricks adapter: Connection(session-id=01f1b27b-32c3-1360-9a3e-9b69bbd17b04) - Closing
[0m11:36:05.557129 [info ] [Thread-5 (]: 10 of 14 PASS not_null_production_hourly_source ................................ [[32mPASS[0m in 2.10s]
[0m11:36:05.558506 [debug] [Thread-5 (]: Finished running node test.sweden_power_lakehouse.not_null_production_hourly_source.ddbdc119da
[0m11:36:05.559359 [debug] [Thread-5 (]: Began running node test.sweden_power_lakehouse.solar_produces_at_night
[0m11:36:05.560191 [info ] [Thread-5 (]: 14 of 14 START test solar_produces_at_night .................................... [RUN]
[0m11:36:05.561500 [debug] [Thread-5 (]: Databricks adapter: DatabricksDBTConnection(session-id=None, name=test.sweden_power_lakehouse.solar_produces_at_night) - Creating connection
[0m11:36:05.562164 [debug] [Thread-5 (]: Acquiring new databricks connection 'test.sweden_power_lakehouse.solar_produces_at_night'
[0m11:36:05.563010 [debug] [Thread-5 (]: Began compiling node test.sweden_power_lakehouse.solar_produces_at_night
[0m11:36:05.566399 [debug] [Thread-5 (]: Writing injected SQL for node "test.sweden_power_lakehouse.solar_produces_at_night"
[0m11:36:05.572435 [debug] [Thread-5 (]: Began executing node test.sweden_power_lakehouse.solar_produces_at_night
[0m11:36:05.575793 [debug] [Thread-5 (]: Writing runtime sql for node "test.sweden_power_lakehouse.solar_produces_at_night"
[0m11:36:05.578407 [debug] [Thread-5 (]: Using databricks connection "test.sweden_power_lakehouse.solar_produces_at_night"
[0m11:36:05.579848 [debug] [Thread-5 (]: On test.sweden_power_lakehouse.solar_produces_at_night: /* {"app": "dbt", "dbt_version": "1.12.3", "dbt_databricks_version": "1.12.5", "databricks_sql_connector_version": "4.4.0", "profile_name": "sweden_power_lakehouse", "target_name": "dev", "invocation_id": "cb15f2fa-a511-4e39-ba50-5637fb0dd67a", "node_id": "test.sweden_power_lakehouse.solar_produces_at_night"} */

    
    select
      count(*) as failures,
      count(*) != 0 as should_warn,
      count(*) != 0 as should_error
    from (
      
    
  

with hourly as (

    select
        area,
        hour(ts) as hour_of_day,
        value_mwh
    from `workspace`.`silver`.`production_hourly`
    where category = 'solar'

),

night_vs_noon as (

    select
        area,
        avg(case when hour_of_day in (0, 1, 2, 23) then value_mwh end) as night_avg,
        avg(case when hour_of_day = 12 then value_mwh end)             as noon_avg
    from hourly
    group by area

)

select
    area,
    night_avg,
    noon_avg,
    round(night_avg / noon_avg, 4) as night_share
from night_vs_noon
where noon_avg > 0
  and night_avg / noon_avg > 0.02
  
  
      
    ) dbt_internal_test
[0m11:36:05.580873 [debug] [Thread-5 (]: Opening a new connection, currently in state init
[0m11:36:05.664867 [debug] [Thread-2 (]: Databricks adapter: Connection(session-id=01f1b27b-33b5-18fd-9f93-f05076752cf6) - Created
[0m11:36:05.772518 [debug] [Thread-3 (]: SQL status: OK in 1.880 seconds
[0m11:36:05.775857 [debug] [Thread-3 (]: Databricks adapter: Cursor(session-id=01f1b27b-3305-12f6-a7d0-58d85654f5fc, command-id=01f1b27b-331f-19f1-a7f8-aebcbc044d55) - Closing
[0m11:36:05.776829 [debug] [Thread-3 (]: On test.sweden_power_lakehouse.not_null_production_hourly_ts.8bea084dd4: Close
[0m11:36:05.777366 [debug] [Thread-3 (]: Databricks adapter: Connection(session-id=01f1b27b-3305-12f6-a7d0-58d85654f5fc) - Closing
[0m11:36:05.968591 [info ] [Thread-3 (]: 11 of 14 PASS not_null_production_hourly_ts .................................... [[32mPASS[0m in 2.10s]
[0m11:36:05.969943 [debug] [Thread-3 (]: Finished running node test.sweden_power_lakehouse.not_null_production_hourly_ts.8bea084dd4
[0m11:36:06.169552 [debug] [Thread-5 (]: Databricks adapter: Connection(session-id=01f1b27b-3403-14f9-8d41-0865617d253f) - Created
[0m11:36:06.240364 [debug] [Thread-4 (]: SQL status: OK in 1.920 seconds
[0m11:36:06.243284 [debug] [Thread-4 (]: Databricks adapter: Cursor(session-id=01f1b27b-3347-12b8-9605-5143f4f4ccf3, command-id=01f1b27b-3363-1f94-b11c-a354568bfc06) - Closing
[0m11:36:06.244229 [debug] [Thread-4 (]: On test.sweden_power_lakehouse.not_null_production_hourly_value_mwh.93c26a886b: Close
[0m11:36:06.244762 [debug] [Thread-4 (]: Databricks adapter: Connection(session-id=01f1b27b-3347-12b8-9605-5143f4f4ccf3) - Closing
[0m11:36:06.433691 [info ] [Thread-4 (]: 12 of 14 PASS not_null_production_hourly_value_mwh ............................. [[32mPASS[0m in 2.15s]
[0m11:36:06.435041 [debug] [Thread-4 (]: Finished running node test.sweden_power_lakehouse.not_null_production_hourly_value_mwh.93c26a886b
[0m11:36:07.649281 [debug] [Thread-2 (]: SQL status: OK in 2.720 seconds
[0m11:36:07.652770 [debug] [Thread-2 (]: Databricks adapter: Cursor(session-id=01f1b27b-33b5-18fd-9f93-f05076752cf6, command-id=01f1b27b-33cf-18cf-a0bc-abd5548e1c34) - Closing
[0m11:36:07.653759 [debug] [Thread-2 (]: On test.sweden_power_lakehouse.relationships_production_hourly_category__category__ref_category_mapping_.50c984e9c3: Close
[0m11:36:07.654302 [debug] [Thread-2 (]: Databricks adapter: Connection(session-id=01f1b27b-33b5-18fd-9f93-f05076752cf6) - Closing
[0m11:36:07.661201 [debug] [Thread-5 (]: SQL status: OK in 2.080 seconds
[0m11:36:07.665336 [debug] [Thread-5 (]: Databricks adapter: Cursor(session-id=01f1b27b-3403-14f9-8d41-0865617d253f, command-id=01f1b27b-341b-19e6-800b-cdc9ea7706d4) - Closing
[0m11:36:07.843725 [debug] [Thread-5 (]: On test.sweden_power_lakehouse.solar_produces_at_night: Close
[0m11:36:07.844381 [debug] [Thread-5 (]: Databricks adapter: Connection(session-id=01f1b27b-3403-14f9-8d41-0865617d253f) - Closing
[0m11:36:08.033145 [info ] [Thread-2 (]: 13 of 14 PASS relationships_production_hourly_category__category__ref_category_mapping_  [[32mPASS[0m in 3.17s]
[0m11:36:08.036057 [debug] [Thread-2 (]: Finished running node test.sweden_power_lakehouse.relationships_production_hourly_category__category__ref_category_mapping_.50c984e9c3
[0m11:36:08.034349 [info ] [Thread-5 (]: 14 of 14 PASS solar_produces_at_night .......................................... [[32mPASS[0m in 2.47s]
[0m11:36:08.038204 [debug] [Thread-5 (]: Finished running node test.sweden_power_lakehouse.solar_produces_at_night
[0m11:36:08.041990 [debug] [MainThread]: Databricks adapter: DatabricksDBTConnection(session-id=None, name=master) - Creating connection
[0m11:36:08.042542 [debug] [MainThread]: Acquiring new databricks connection 'master'
[0m11:36:08.043205 [info ] [MainThread]: 
[0m11:36:08.043889 [info ] [MainThread]: Finished running 14 data tests in 0 hours 0 minutes and 13.12 seconds (13.12s).
[0m11:36:08.048355 [debug] [MainThread]: Command end result
[0m11:36:08.188025 [debug] [MainThread]: Wrote artifact WritableManifest to C:\Users\Mirela\Desktop\sweden-power-lakehouse\dbt\target\manifest.json
[0m11:36:08.202255 [debug] [MainThread]: Wrote artifact SemanticManifest to C:\Users\Mirela\Desktop\sweden-power-lakehouse\dbt\target\semantic_manifest.json
[0m11:36:08.214713 [debug] [MainThread]: Wrote artifact OsiDocument to C:\Users\Mirela\Desktop\sweden-power-lakehouse\dbt\target\osi_document.json
[0m11:36:08.239852 [debug] [MainThread]: Wrote artifact RunExecutionResult to C:\Users\Mirela\Desktop\sweden-power-lakehouse\dbt\target\run_results.json
[0m11:36:08.240877 [info ] [MainThread]: 
[0m11:36:08.242170 [info ] [MainThread]: [32mCompleted successfully[0m
[0m11:36:08.243208 [info ] [MainThread]: 
[0m11:36:08.244286 [info ] [MainThread]: Done. PASS=14 WARN=0 ERROR=0 SKIP=0 NO-OP=0 REUSED=0 TOTAL=14
[0m11:36:08.248843 [debug] [MainThread]: Command `dbt test` succeeded at 11:36:08.248575 after 18.67 seconds
[0m11:36:08.249637 [debug] [MainThread]: Sending event: {'category': 'dbt', 'action': 'invocation', 'label': 'end', 'context': [<snowplow_tracker.self_describing_json.SelfDescribingJson object at 0x0000013930599790>, <snowplow_tracker.self_describing_json.SelfDescribingJson object at 0x000001397092DDE0>, <snowplow_tracker.self_describing_json.SelfDescribingJson object at 0x000001397092E200>]}
[0m11:36:08.250376 [debug] [MainThread]: Flushing usage events
[0m11:36:08.743928 [debug] [MainThread]: An error was encountered while trying to flush usage events
[0m11:46:23.292504 [debug] [MainThread]: Sending event: {'category': 'dbt', 'action': 'invocation', 'label': 'start', 'context': [<snowplow_tracker.self_describing_json.SelfDescribingJson object at 0x00000214B33A9FD0>, <snowplow_tracker.self_describing_json.SelfDescribingJson object at 0x00000214B0F38B90>, <snowplow_tracker.self_describing_json.SelfDescribingJson object at 0x00000214B5D5B890>]}


============================== 11:46:23.300896 | 86f36605-ba7e-4c69-b5ed-2c3dc52521cf ==============================
[0m11:46:23.300896 [info ] [MainThread]: Running with dbt=1.12.3
[0m11:46:23.302226 [debug] [MainThread]: running dbt with arguments {'maximum_seed_size_mib': '1', 'no_print': 'None', 'version_check': 'True', 'target_path': 'None', 'warn_error_options': 'WarnErrorOptionsV2(error=[], warn=[], silence=[])', 'static_parser': 'True', 'printer_width': '80', 'write_json': 'True', 'introspect': 'True', 'log_cache_events': 'False', 'empty': 'False', 'cache_selected_only': 'False', 'log_format': 'default', 'debug': 'False', 'fail_fast': 'False', 'profiles_dir': '.', 'send_anonymous_usage_stats': 'True', 'quiet': 'False', 'warn_error': 'None', 'partial_parse': 'True', 'invocation_command': 'dbt build --profiles-dir .', 'hints_enabled': 'True', 'use_colors': 'True', 'use_experimental_parser': 'False', 'indirect_selection': 'eager', 'log_path': 'C:\\Users\\Mirela\\Desktop\\sweden-power-lakehouse\\dbt\\logs'}
[0m11:46:25.472533 [debug] [MainThread]: Spark adapter: Setting pyhive.hive logging to ERROR
[0m11:46:25.473240 [debug] [MainThread]: Spark adapter: Setting thrift.transport logging to ERROR
[0m11:46:25.474031 [debug] [MainThread]: Spark adapter: Setting thrift.protocol logging to ERROR
[0m11:46:27.518881 [debug] [MainThread]: Sending event: {'category': 'dbt', 'action': 'project_id', 'label': '86f36605-ba7e-4c69-b5ed-2c3dc52521cf', 'context': [<snowplow_tracker.self_describing_json.SelfDescribingJson object at 0x00000214C2565480>]}
[0m11:46:27.687760 [debug] [MainThread]: Sending event: {'category': 'dbt', 'action': 'adapter_info', 'label': '86f36605-ba7e-4c69-b5ed-2c3dc52521cf', 'context': [<snowplow_tracker.self_describing_json.SelfDescribingJson object at 0x00000214B3F84F30>]}
[0m11:46:27.690796 [info ] [MainThread]: Registered adapter: databricks=1.12.5
[0m11:46:28.596898 [debug] [MainThread]: checksum: e2d1256c77e6efbaf5ed4fcd69271aea21a9eaf776453aa326a8e70af78a63cd, vars: {}, profile: sweden_power_lakehouse, target: dev, version: 1.12.3
[0m11:46:28.957571 [info ] [MainThread]: Unable to do partial parsing because a project config has changed
[0m11:46:28.958683 [debug] [MainThread]: Sending event: {'category': 'dbt', 'action': 'partial_parser', 'label': '86f36605-ba7e-4c69-b5ed-2c3dc52521cf', 'context': [<snowplow_tracker.self_describing_json.SelfDescribingJson object at 0x00000214C29E0B50>]}
[0m11:46:33.735093 [warn ] [MainThread]: [[33mWARNING[0m][MissingArgumentsPropertyInGenericTestDeprecation]: Deprecated
functionality
Found top-level arguments to test `accepted_values` defined on
'category_mapping' in package 'sweden_power_lakehouse' (seeds\schema.yml).
Arguments to generic tests should be nested under the `arguments` property.
[0m11:46:33.736116 [debug] [MainThread]: Sending event: {'category': 'dbt', 'action': 'deprecation', 'label': '86f36605-ba7e-4c69-b5ed-2c3dc52521cf', 'property_': 'warn', 'context': [<snowplow_tracker.self_describing_json.SelfDescribingJson object at 0x00000214C2EDCD70>]}
[0m11:46:34.760583 [debug] [MainThread]: Sending event: {'category': 'dbt', 'action': 'load_project', 'label': '86f36605-ba7e-4c69-b5ed-2c3dc52521cf', 'context': [<snowplow_tracker.self_describing_json.SelfDescribingJson object at 0x00000214C329A890>]}
[0m11:46:35.076295 [debug] [MainThread]: Wrote artifact WritableManifest to C:\Users\Mirela\Desktop\sweden-power-lakehouse\dbt\target\manifest.json
[0m11:46:35.082999 [debug] [MainThread]: Wrote artifact SemanticManifest to C:\Users\Mirela\Desktop\sweden-power-lakehouse\dbt\target\semantic_manifest.json
[0m11:46:35.169980 [debug] [MainThread]: Wrote artifact OsiDocument to C:\Users\Mirela\Desktop\sweden-power-lakehouse\dbt\target\osi_document.json
[0m11:46:35.227680 [debug] [MainThread]: Sending event: {'category': 'dbt', 'action': 'resource_counts', 'label': '86f36605-ba7e-4c69-b5ed-2c3dc52521cf', 'context': [<snowplow_tracker.self_describing_json.SelfDescribingJson object at 0x00000214C33AFC70>]}
[0m11:46:35.228821 [info ] [MainThread]: Found 5 models, 29 data tests, 1 seed, 4 sources, 890 macros
[0m11:46:35.237656 [info ] [MainThread]: 
[0m11:46:35.238559 [info ] [MainThread]: Concurrency: 4 threads (target='dev')
[0m11:46:35.239324 [info ] [MainThread]: 
[0m11:46:35.240620 [debug] [MainThread]: Databricks adapter: DatabricksDBTConnection(session-id=None, name=master) - Creating connection
[0m11:46:35.241259 [debug] [MainThread]: Acquiring new databricks connection 'master'
[0m11:46:35.255380 [debug] [ThreadPool]: Databricks adapter: DatabricksDBTConnection(session-id=None, name=list_workspace) - Creating connection
[0m11:46:35.256220 [debug] [ThreadPool]: Acquiring new databricks connection 'list_workspace'
[0m11:46:35.257071 [debug] [ThreadPool]: Databricks adapter: DatabricksDBTConnection(session-id=None, name=list_workspace) - Creating connection
[0m11:46:35.274804 [debug] [ThreadPool]: Acquiring new databricks connection 'list_workspace'
[0m11:46:35.277275 [debug] [ThreadPool]: Using databricks connection "list_workspace"
[0m11:46:35.274577 [debug] [ThreadPool]: Using databricks connection "list_workspace"
[0m11:46:35.278407 [debug] [ThreadPool]: On list_workspace: /* {"app": "dbt", "dbt_version": "1.12.3", "dbt_databricks_version": "1.12.5", "databricks_sql_connector_version": "4.4.0", "profile_name": "sweden_power_lakehouse", "target_name": "dev", "invocation_id": "86f36605-ba7e-4c69-b5ed-2c3dc52521cf", "connection_name": "list_workspace"} */

    

  SHOW SCHEMAS IN `workspace`


  
[0m11:46:35.278886 [debug] [ThreadPool]: Opening a new connection, currently in state init
[0m11:46:35.277854 [debug] [ThreadPool]: On list_workspace: /* {"app": "dbt", "dbt_version": "1.12.3", "dbt_databricks_version": "1.12.5", "databricks_sql_connector_version": "4.4.0", "profile_name": "sweden_power_lakehouse", "target_name": "dev", "invocation_id": "86f36605-ba7e-4c69-b5ed-2c3dc52521cf", "connection_name": "list_workspace"} */

    

  SHOW SCHEMAS IN `workspace`


  
[0m11:46:35.279622 [debug] [ThreadPool]: Opening a new connection, currently in state init
[0m11:46:37.804714 [debug] [ThreadPool]: Databricks adapter: Connection(session-id=01f1b27c-ac25-1743-b1ec-4c8ac97e0c11) - Created
[0m11:46:37.805391 [debug] [ThreadPool]: Databricks adapter: Connection(session-id=01f1b27c-ac2c-1db0-a2b8-59cd98794d24) - Created
[0m11:46:38.432249 [debug] [ThreadPool]: SQL status: OK in 3.150 seconds
[0m11:46:38.445337 [debug] [ThreadPool]: Databricks adapter: Cursor(session-id=01f1b27c-ac2c-1db0-a2b8-59cd98794d24, command-id=01f1b27c-ac9c-120a-943d-6cd2c8438a5a) - Closing
[0m11:46:38.446200 [debug] [ThreadPool]: On list_workspace: Close
[0m11:46:38.446680 [debug] [ThreadPool]: Databricks adapter: Connection(session-id=01f1b27c-ac2c-1db0-a2b8-59cd98794d24) - Closing
[0m11:46:38.465263 [debug] [ThreadPool]: SQL status: OK in 3.190 seconds
[0m11:46:38.467888 [debug] [ThreadPool]: Databricks adapter: Cursor(session-id=01f1b27c-ac25-1743-b1ec-4c8ac97e0c11, command-id=01f1b27c-ac99-1494-b1bd-f64d0c4c8533) - Closing
[0m11:46:38.634777 [debug] [ThreadPool]: On list_workspace: Close
[0m11:46:38.635713 [debug] [ThreadPool]: Databricks adapter: Connection(session-id=01f1b27c-ac25-1743-b1ec-4c8ac97e0c11) - Closing
[0m11:46:38.828167 [debug] [ThreadPool]: Databricks adapter: DatabricksDBTConnection(session-id=None, name=list_workspace_gold) - Creating connection
[0m11:46:38.829271 [debug] [ThreadPool]: Acquiring new databricks connection 'list_workspace_gold'
[0m11:46:38.837872 [debug] [ThreadPool]: Using databricks connection "list_workspace_gold"
[0m11:46:38.830430 [debug] [ThreadPool]: Databricks adapter: DatabricksDBTConnection(session-id=None, name=list_workspace_silver) - Creating connection
[0m11:46:38.839396 [debug] [ThreadPool]: Acquiring new databricks connection 'list_workspace_silver'
[0m11:46:38.838657 [debug] [ThreadPool]: On list_workspace_gold: /* {"app": "dbt", "dbt_version": "1.12.3", "dbt_databricks_version": "1.12.5", "databricks_sql_connector_version": "4.4.0", "profile_name": "sweden_power_lakehouse", "target_name": "dev", "invocation_id": "86f36605-ba7e-4c69-b5ed-2c3dc52521cf", "connection_name": "list_workspace_gold"} */

    
SELECT
  table_name,
  if(table_type IN ('EXTERNAL', 'MANAGED', 'MANAGED_SHALLOW_CLONE', 'EXTERNAL_SHALLOW_CLONE'), 'table', lower(table_type)) AS table_type,
  lower(data_source_format) AS file_format,
  table_owner,
  if(
    table_type IN (
      'EXTERNAL',
      'MANAGED',
      'MANAGED_SHALLOW_CLONE',
      'EXTERNAL_SHALLOW_CLONE'
    ),
    lower(table_type),
    NULL
  ) AS databricks_table_type
FROM `system`.`information_schema`.`tables`
WHERE table_catalog = 'workspace'
  AND table_schema = 'gold'

  
[0m11:46:38.842155 [debug] [ThreadPool]: Opening a new connection, currently in state init
[0m11:46:38.845034 [debug] [ThreadPool]: Using databricks connection "list_workspace_silver"
[0m11:46:38.846510 [debug] [ThreadPool]: On list_workspace_silver: /* {"app": "dbt", "dbt_version": "1.12.3", "dbt_databricks_version": "1.12.5", "databricks_sql_connector_version": "4.4.0", "profile_name": "sweden_power_lakehouse", "target_name": "dev", "invocation_id": "86f36605-ba7e-4c69-b5ed-2c3dc52521cf", "connection_name": "list_workspace_silver"} */

    
SELECT
  table_name,
  if(table_type IN ('EXTERNAL', 'MANAGED', 'MANAGED_SHALLOW_CLONE', 'EXTERNAL_SHALLOW_CLONE'), 'table', lower(table_type)) AS table_type,
  lower(data_source_format) AS file_format,
  table_owner,
  if(
    table_type IN (
      'EXTERNAL',
      'MANAGED',
      'MANAGED_SHALLOW_CLONE',
      'EXTERNAL_SHALLOW_CLONE'
    ),
    lower(table_type),
    NULL
  ) AS databricks_table_type
FROM `system`.`information_schema`.`tables`
WHERE table_catalog = 'workspace'
  AND table_schema = 'silver'

  
[0m11:46:38.848781 [debug] [ThreadPool]: Opening a new connection, currently in state init
[0m11:46:39.520731 [debug] [ThreadPool]: Databricks adapter: Connection(session-id=01f1b27c-ad80-1d89-9764-cbd6c9ad89c7) - Created
[0m11:46:39.570598 [debug] [ThreadPool]: Databricks adapter: Connection(session-id=01f1b27c-ad89-1767-b9e5-3b4e804211f6) - Created
[0m11:46:40.171550 [debug] [ThreadPool]: SQL status: OK in 1.320 seconds
[0m11:46:40.175345 [debug] [ThreadPool]: Databricks adapter: Cursor(session-id=01f1b27c-ad89-1767-b9e5-3b4e804211f6, command-id=01f1b27c-ada6-11cd-a0d8-4b3258859c42) - Closing
[0m11:46:40.176373 [debug] [ThreadPool]: On list_workspace_silver: Close
[0m11:46:40.176937 [debug] [ThreadPool]: Databricks adapter: Connection(session-id=01f1b27c-ad89-1767-b9e5-3b4e804211f6) - Closing
[0m11:46:40.219919 [debug] [ThreadPool]: SQL status: OK in 1.380 seconds
[0m11:46:40.223713 [debug] [ThreadPool]: Databricks adapter: Cursor(session-id=01f1b27c-ad80-1d89-9764-cbd6c9ad89c7, command-id=01f1b27c-ad9d-1d7b-a899-f00c751bbe02) - Closing
[0m11:46:40.375230 [debug] [ThreadPool]: On list_workspace_gold: Close
[0m11:46:40.376902 [debug] [ThreadPool]: Databricks adapter: Connection(session-id=01f1b27c-ad80-1d89-9764-cbd6c9ad89c7) - Closing
[0m11:46:40.564965 [debug] [MainThread]: Sending event: {'category': 'dbt', 'action': 'runnable_timing', 'label': '86f36605-ba7e-4c69-b5ed-2c3dc52521cf', 'context': [<snowplow_tracker.self_describing_json.SelfDescribingJson object at 0x00000214C33A9CD0>]}
[0m11:46:40.575108 [debug] [Thread-3 (]: Began running node seed.sweden_power_lakehouse.category_mapping
[0m11:46:40.576737 [info ] [Thread-3 (]: 1 of 35 START seed file silver.category_mapping ................................ [RUN]
[0m11:46:40.580303 [debug] [Thread-3 (]: Databricks adapter: DatabricksDBTConnection(session-id=None, name=seed.sweden_power_lakehouse.category_mapping) - Creating connection
[0m11:46:40.581971 [debug] [Thread-3 (]: Acquiring new databricks connection 'seed.sweden_power_lakehouse.category_mapping'
[0m11:46:40.584470 [debug] [Thread-3 (]: Began compiling node seed.sweden_power_lakehouse.category_mapping
[0m11:46:40.586803 [debug] [Thread-3 (]: Began executing node seed.sweden_power_lakehouse.category_mapping
[0m11:46:40.824200 [debug] [Thread-3 (]: Using databricks connection "seed.sweden_power_lakehouse.category_mapping"
[0m11:46:40.824954 [debug] [Thread-3 (]: On seed.sweden_power_lakehouse.category_mapping: /* {"app": "dbt", "dbt_version": "1.12.3", "dbt_databricks_version": "1.12.5", "databricks_sql_connector_version": "4.4.0", "profile_name": "sweden_power_lakehouse", "target_name": "dev", "invocation_id": "86f36605-ba7e-4c69-b5ed-2c3dc52521cf", "node_id": "seed.sweden_power_lakehouse.category_mapping"} */

    create or replace table `workspace`.`silver`.`category_mapping` (`source` string ,`source_category` string ,`category` string ,`measure` string ,`comparable` boolean )
    
    using delta
  
    
    
    
    
    
  
[0m11:46:40.825556 [debug] [Thread-3 (]: Opening a new connection, currently in state init
[0m11:46:41.500217 [debug] [Thread-3 (]: Databricks adapter: Connection(session-id=01f1b27c-aea8-1c48-a1c3-b981781e6bfe) - Created
[0m11:46:42.698392 [debug] [Thread-3 (]: SQL status: OK in 1.870 seconds
[0m11:46:42.699810 [debug] [Thread-3 (]: Databricks adapter: Cursor(session-id=01f1b27c-aea8-1c48-a1c3-b981781e6bfe, command-id=01f1b27c-aecd-1a7e-b9fe-a6abe94246d6) - Closing
[0m11:46:42.738942 [debug] [Thread-3 (]: Using databricks connection "seed.sweden_power_lakehouse.category_mapping"
[0m11:46:42.739603 [debug] [Thread-3 (]: On seed.sweden_power_lakehouse.category_mapping: 
          insert overwrite `workspace`.`silver`.`category_mapping` values
          (%s,%s,%s,%s,%s),(%s,%s,%s,%s,%s),(%s,%s,%s,%s,%s),(%s,%s,%s,%s,%s),(%s,%s,%s,%s,%s),(%s,%s,%s,%s,%s),(%s,%s,%s,%s,%s),(%s,%s,%s,%s,%s),(%s,%s,%s,%s,%s),(%s,%s,%s,%s,%s),(%s,%s,%s,%s,%s),(%s,%s,%s,%s,%s),(%s,%s,%s,%s,%s),(%s,%s,%s,%s,%s),(%s,%s,%s,%s,%s),(%s,%s,%s,%s,%s),(%s,%s,%s,%s,%s),(%s,%s,%s,%s,%s),(%s,%s,%s,%s,%s)
      ...
[0m11:46:44.182546 [debug] [Thread-3 (]: SQL status: OK in 1.440 seconds
[0m11:46:44.183267 [debug] [Thread-3 (]: Databricks adapter: Cursor(session-id=01f1b27c-aea8-1c48-a1c3-b981781e6bfe, command-id=01f1b27c-af8a-19e3-a607-fe251f1927de) - Closing
[0m11:46:44.192890 [debug] [Thread-3 (]: Writing runtime SQL for node "seed.sweden_power_lakehouse.category_mapping"
[0m11:46:44.213108 [debug] [Thread-3 (]: On seed.sweden_power_lakehouse.category_mapping: Close
[0m11:46:44.213741 [debug] [Thread-3 (]: Databricks adapter: Connection(session-id=01f1b27c-aea8-1c48-a1c3-b981781e6bfe) - Closing
[0m11:46:44.400380 [debug] [Thread-3 (]: Sending event: {'category': 'dbt', 'action': 'run_model', 'label': '86f36605-ba7e-4c69-b5ed-2c3dc52521cf', 'context': [<snowplow_tracker.self_describing_json.SelfDescribingJson object at 0x00000214B38CD0D0>]}
[0m11:46:44.401967 [info ] [Thread-3 (]: 1 of 35 OK loaded seed file silver.category_mapping ............................ [[32mINSERT 19[0m in 3.82s]
[0m11:46:44.404087 [debug] [Thread-3 (]: Finished running node seed.sweden_power_lakehouse.category_mapping
[0m11:46:44.406009 [debug] [Thread-4 (]: Began running node test.sweden_power_lakehouse.accepted_values_category_mapping_measure__production__consumption__total__transfer.8589d7dcd7
[0m11:46:44.406977 [debug] [Thread-5 (]: Began running node test.sweden_power_lakehouse.accepted_values_category_mapping_source__mimer__scb.20769f0337
[0m11:46:44.407935 [debug] [Thread-6 (]: Began running node test.sweden_power_lakehouse.not_null_category_mapping_category.8b3d5720b1
[0m11:46:44.410430 [info ] [Thread-5 (]: 3 of 35 START test accepted_values_category_mapping_source__mimer__scb ......... [RUN]
[0m11:46:44.409211 [info ] [Thread-4 (]: 2 of 35 START test accepted_values_category_mapping_measure__production__consumption__total__transfer  [RUN]
[0m11:46:44.414304 [debug] [Thread-4 (]: Databricks adapter: DatabricksDBTConnection(session-id=None, name=test.sweden_power_lakehouse.accepted_values_category_mapping_measure__production__consumption__total__transfer.8589d7dcd7) - Creating connection
[0m11:46:44.411223 [info ] [Thread-6 (]: 4 of 35 START test not_null_category_mapping_category .......................... [RUN]
[0m11:46:44.412632 [debug] [Thread-5 (]: Databricks adapter: DatabricksDBTConnection(session-id=None, name=test.sweden_power_lakehouse.accepted_values_category_mapping_source__mimer__scb.20769f0337) - Creating connection
[0m11:46:44.415478 [debug] [Thread-4 (]: Acquiring new databricks connection 'test.sweden_power_lakehouse.accepted_values_category_mapping_measure__production__consumption__total__transfer.8589d7dcd7'
[0m11:46:44.417728 [debug] [Thread-6 (]: Databricks adapter: DatabricksDBTConnection(session-id=None, name=test.sweden_power_lakehouse.not_null_category_mapping_category.8b3d5720b1) - Creating connection
[0m11:46:44.420285 [debug] [Thread-6 (]: Acquiring new databricks connection 'test.sweden_power_lakehouse.not_null_category_mapping_category.8b3d5720b1'
[0m11:46:44.420916 [debug] [Thread-6 (]: Began compiling node test.sweden_power_lakehouse.not_null_category_mapping_category.8b3d5720b1
[0m11:46:44.418699 [debug] [Thread-5 (]: Acquiring new databricks connection 'test.sweden_power_lakehouse.accepted_values_category_mapping_source__mimer__scb.20769f0337'
[0m11:46:44.419616 [debug] [Thread-4 (]: Began compiling node test.sweden_power_lakehouse.accepted_values_category_mapping_measure__production__consumption__total__transfer.8589d7dcd7
[0m11:46:44.450441 [debug] [Thread-5 (]: Began compiling node test.sweden_power_lakehouse.accepted_values_category_mapping_source__mimer__scb.20769f0337
[0m11:46:44.454526 [debug] [Thread-6 (]: Writing injected SQL for node "test.sweden_power_lakehouse.not_null_category_mapping_category.8b3d5720b1"
[0m11:46:44.467692 [debug] [Thread-4 (]: Writing injected SQL for node "test.sweden_power_lakehouse.accepted_values_category_mapping_measure__production__consumption__total__transfer.8589d7dcd7"
[0m11:46:44.480361 [debug] [Thread-5 (]: Writing injected SQL for node "test.sweden_power_lakehouse.accepted_values_category_mapping_source__mimer__scb.20769f0337"
[0m11:46:44.483302 [debug] [Thread-4 (]: Began executing node test.sweden_power_lakehouse.accepted_values_category_mapping_measure__production__consumption__total__transfer.8589d7dcd7
[0m11:46:44.496838 [debug] [Thread-5 (]: Began executing node test.sweden_power_lakehouse.accepted_values_category_mapping_source__mimer__scb.20769f0337
[0m11:46:44.510142 [debug] [Thread-4 (]: Writing runtime sql for node "test.sweden_power_lakehouse.accepted_values_category_mapping_measure__production__consumption__total__transfer.8589d7dcd7"
[0m11:46:44.510846 [debug] [Thread-6 (]: Began executing node test.sweden_power_lakehouse.not_null_category_mapping_category.8b3d5720b1
[0m11:46:44.516615 [debug] [Thread-6 (]: Writing runtime sql for node "test.sweden_power_lakehouse.not_null_category_mapping_category.8b3d5720b1"
[0m11:46:44.514010 [debug] [Thread-5 (]: Writing runtime sql for node "test.sweden_power_lakehouse.accepted_values_category_mapping_source__mimer__scb.20769f0337"
[0m11:46:44.518342 [debug] [Thread-4 (]: Using databricks connection "test.sweden_power_lakehouse.accepted_values_category_mapping_measure__production__consumption__total__transfer.8589d7dcd7"
[0m11:46:44.519334 [debug] [Thread-4 (]: On test.sweden_power_lakehouse.accepted_values_category_mapping_measure__production__consumption__total__transfer.8589d7dcd7: /* {"app": "dbt", "dbt_version": "1.12.3", "dbt_databricks_version": "1.12.5", "databricks_sql_connector_version": "4.4.0", "profile_name": "sweden_power_lakehouse", "target_name": "dev", "invocation_id": "86f36605-ba7e-4c69-b5ed-2c3dc52521cf", "node_id": "test.sweden_power_lakehouse.accepted_values_category_mapping_measure__production__consumption__total__transfer.8589d7dcd7"} */

    
    select
      count(*) as failures,
      count(*) != 0 as should_warn,
      count(*) != 0 as should_error
    from (
      
    
  
    
    

with all_values as (

    select
        measure as value_field,
        count(*) as n_records

    from `workspace`.`silver`.`category_mapping`
    group by measure

)

select *
from all_values
where value_field not in (
    'production','consumption','total','transfer'
)



  
  
      
    ) dbt_internal_test
[0m11:46:44.520249 [debug] [Thread-4 (]: Opening a new connection, currently in state init
[0m11:46:44.520918 [debug] [Thread-6 (]: Using databricks connection "test.sweden_power_lakehouse.not_null_category_mapping_category.8b3d5720b1"
[0m11:46:44.522332 [debug] [Thread-6 (]: On test.sweden_power_lakehouse.not_null_category_mapping_category.8b3d5720b1: /* {"app": "dbt", "dbt_version": "1.12.3", "dbt_databricks_version": "1.12.5", "databricks_sql_connector_version": "4.4.0", "profile_name": "sweden_power_lakehouse", "target_name": "dev", "invocation_id": "86f36605-ba7e-4c69-b5ed-2c3dc52521cf", "node_id": "test.sweden_power_lakehouse.not_null_category_mapping_category.8b3d5720b1"} */

    
    select
      count(*) as failures,
      count(*) != 0 as should_warn,
      count(*) != 0 as should_error
    from (
      
    
  
    
    



select category
from `workspace`.`silver`.`category_mapping`
where category is null



  
  
      
    ) dbt_internal_test
[0m11:46:44.524467 [debug] [Thread-6 (]: Opening a new connection, currently in state init
[0m11:46:44.523543 [debug] [Thread-5 (]: Using databricks connection "test.sweden_power_lakehouse.accepted_values_category_mapping_source__mimer__scb.20769f0337"
[0m11:46:44.525879 [debug] [Thread-5 (]: On test.sweden_power_lakehouse.accepted_values_category_mapping_source__mimer__scb.20769f0337: /* {"app": "dbt", "dbt_version": "1.12.3", "dbt_databricks_version": "1.12.5", "databricks_sql_connector_version": "4.4.0", "profile_name": "sweden_power_lakehouse", "target_name": "dev", "invocation_id": "86f36605-ba7e-4c69-b5ed-2c3dc52521cf", "node_id": "test.sweden_power_lakehouse.accepted_values_category_mapping_source__mimer__scb.20769f0337"} */

    
    select
      count(*) as failures,
      count(*) != 0 as should_warn,
      count(*) != 0 as should_error
    from (
      
    
  
    
    

with all_values as (

    select
        source as value_field,
        count(*) as n_records

    from `workspace`.`silver`.`category_mapping`
    group by source

)

select *
from all_values
where value_field not in (
    'mimer','scb'
)



  
  
      
    ) dbt_internal_test
[0m11:46:44.527028 [debug] [Thread-5 (]: Opening a new connection, currently in state init
[0m11:46:45.191351 [debug] [Thread-4 (]: Databricks adapter: Connection(session-id=01f1b27c-b0e5-14a3-a57b-785758f13579) - Created
[0m11:46:45.233114 [debug] [Thread-6 (]: Databricks adapter: Connection(session-id=01f1b27c-b0ec-19b5-ab71-15f8363a1d47) - Created
[0m11:46:45.239602 [debug] [Thread-5 (]: Databricks adapter: Connection(session-id=01f1b27c-b0eb-1418-94e3-e5a7f9eec781) - Created
[0m11:46:46.034475 [debug] [Thread-5 (]: SQL status: OK in 1.510 seconds
[0m11:46:46.039865 [debug] [Thread-5 (]: Databricks adapter: Cursor(session-id=01f1b27c-b0eb-1418-94e3-e5a7f9eec781, command-id=01f1b27c-b107-16dd-a63c-71393b23fb8d) - Closing
[0m11:46:46.045485 [debug] [Thread-5 (]: On test.sweden_power_lakehouse.accepted_values_category_mapping_source__mimer__scb.20769f0337: Close
[0m11:46:46.046110 [debug] [Thread-5 (]: Databricks adapter: Connection(session-id=01f1b27c-b0eb-1418-94e3-e5a7f9eec781) - Closing
[0m11:46:46.233462 [info ] [Thread-5 (]: 3 of 35 PASS accepted_values_category_mapping_source__mimer__scb ............... [[32mPASS[0m in 1.82s]
[0m11:46:46.234856 [debug] [Thread-5 (]: Finished running node test.sweden_power_lakehouse.accepted_values_category_mapping_source__mimer__scb.20769f0337
[0m11:46:46.369613 [debug] [Thread-6 (]: SQL status: OK in 1.850 seconds
[0m11:46:46.373032 [debug] [Thread-6 (]: Databricks adapter: Cursor(session-id=01f1b27c-b0ec-19b5-ab71-15f8363a1d47, command-id=01f1b27c-b107-1799-8e67-aea5f670ccb8) - Closing
[0m11:46:46.374175 [debug] [Thread-6 (]: On test.sweden_power_lakehouse.not_null_category_mapping_category.8b3d5720b1: Close
[0m11:46:46.374711 [debug] [Thread-6 (]: Databricks adapter: Connection(session-id=01f1b27c-b0ec-19b5-ab71-15f8363a1d47) - Closing
[0m11:46:46.464189 [debug] [Thread-4 (]: SQL status: OK in 1.940 seconds
[0m11:46:46.467066 [debug] [Thread-4 (]: Databricks adapter: Cursor(session-id=01f1b27c-b0e5-14a3-a57b-785758f13579, command-id=01f1b27c-b0ff-1f19-ae50-f32bca5122a3) - Closing
[0m11:46:46.572911 [debug] [Thread-4 (]: On test.sweden_power_lakehouse.accepted_values_category_mapping_measure__production__consumption__total__transfer.8589d7dcd7: Close
[0m11:46:46.573561 [debug] [Thread-4 (]: Databricks adapter: Connection(session-id=01f1b27c-b0e5-14a3-a57b-785758f13579) - Closing
[0m11:46:46.755179 [info ] [Thread-6 (]: 4 of 35 PASS not_null_category_mapping_category ................................ [[32mPASS[0m in 2.34s]
[0m11:46:46.757780 [debug] [Thread-6 (]: Finished running node test.sweden_power_lakehouse.not_null_category_mapping_category.8b3d5720b1
[0m11:46:46.756240 [info ] [Thread-4 (]: 2 of 35 PASS accepted_values_category_mapping_measure__production__consumption__total__transfer  [[32mPASS[0m in 2.34s]
[0m11:46:46.759531 [debug] [Thread-4 (]: Finished running node test.sweden_power_lakehouse.accepted_values_category_mapping_measure__production__consumption__total__transfer.8589d7dcd7
[0m11:46:46.761125 [debug] [Thread-3 (]: Began running node model.sweden_power_lakehouse.production_hourly
[0m11:46:46.763012 [info ] [Thread-3 (]: 5 of 35 START sql table model silver.production_hourly ......................... [RUN]
[0m11:46:46.764628 [debug] [Thread-3 (]: Databricks adapter: DatabricksDBTConnection(session-id=None, name=model.sweden_power_lakehouse.production_hourly) - Creating connection
[0m11:46:46.765304 [debug] [Thread-3 (]: Acquiring new databricks connection 'model.sweden_power_lakehouse.production_hourly'
[0m11:46:46.765909 [debug] [Thread-3 (]: Began compiling node model.sweden_power_lakehouse.production_hourly
[0m11:46:46.772423 [debug] [Thread-3 (]: Writing injected SQL for node "model.sweden_power_lakehouse.production_hourly"
[0m11:46:46.774848 [debug] [Thread-3 (]: Began executing node model.sweden_power_lakehouse.production_hourly
[0m11:46:46.807054 [debug] [Thread-3 (]: MATERIALIZING TABLE
[0m11:46:46.851144 [debug] [Thread-3 (]: Using databricks connection "model.sweden_power_lakehouse.production_hourly"
[0m11:46:46.851842 [debug] [Thread-3 (]: On model.sweden_power_lakehouse.production_hourly: /* {"app": "dbt", "dbt_version": "1.12.3", "dbt_databricks_version": "1.12.5", "databricks_sql_connector_version": "4.4.0", "profile_name": "sweden_power_lakehouse", "target_name": "dev", "invocation_id": "86f36605-ba7e-4c69-b5ed-2c3dc52521cf", "node_id": "model.sweden_power_lakehouse.production_hourly"} */
SELECT
    table_catalog,
    table_schema,
    table_name,
    filter_name,
    target_columns
  FROM `workspace`.`information_schema`.`row_filters`
  WHERE table_catalog = 'workspace'
    AND table_schema = 'silver'
    AND table_name = 'production_hourly'
[0m11:46:46.852419 [debug] [Thread-3 (]: Opening a new connection, currently in state init
[0m11:46:47.465634 [debug] [Thread-3 (]: Databricks adapter: Connection(session-id=01f1b27c-b23f-1c0f-bcae-17a6c951ee65) - Created
[0m11:46:47.928212 [debug] [Thread-3 (]: SQL status: OK in 1.080 seconds
[0m11:46:47.931209 [debug] [Thread-3 (]: Databricks adapter: Cursor(session-id=01f1b27c-b23f-1c0f-bcae-17a6c951ee65, command-id=01f1b27c-b25b-14f0-9f38-6b3ba49e6a0f) - Closing
[0m11:46:47.937402 [debug] [Thread-3 (]: Writing runtime sql for node "model.sweden_power_lakehouse.production_hourly"
[0m11:46:47.938872 [debug] [Thread-3 (]: Using databricks connection "model.sweden_power_lakehouse.production_hourly"
[0m11:46:47.939826 [debug] [Thread-3 (]: On model.sweden_power_lakehouse.production_hourly: /* {"app": "dbt", "dbt_version": "1.12.3", "dbt_databricks_version": "1.12.5", "databricks_sql_connector_version": "4.4.0", "profile_name": "sweden_power_lakehouse", "target_name": "dev", "invocation_id": "86f36605-ba7e-4c69-b5ed-2c3dc52521cf", "node_id": "model.sweden_power_lakehouse.production_hourly"} */

  
    
        create or replace table `workspace`.`silver`.`production_hourly`
      
      
    using delta
  
      
      partitioned by (area)
      
      
      
      
      
      
      as
      with raw as (

    select *
    from `workspace`.`bronze`.`mimer_production`
    -- The Summa row is the source's own aggregate, not an observation.
    where period_raw != 'Summa'

),

parsed as (

    select
        area,
        production_type,
        to_timestamp(period_raw, 'yyyy-MM-dd HH:mm')        as ts,
        to_timestamp(published_at_raw, 'yyyy-MM-dd HH:mm')  as published_at,
        -- Decimal comma. Read as a thousands separator the value would be
        -- a thousand times too large. See docs/source-differences.md.
        cast(replace(settled_kwh_raw, ',', '.') as decimal(20, 3)) / 1000
                                                            as value_mwh,
        _source_file                                        as source_file
    from raw

),

deduplicated as (

    select
        *,
        row_number() over (
            partition by area, production_type, ts
            order by published_at desc
        ) as version_rank
    from parsed

)

select
    'mimer'                                     as source,
    d.area,
    m.category,
    m.measure,
    d.ts,
    cast(d.ts as date)                          as date,
    cast(date_trunc('month', d.ts) as date)     as month,
    d.value_mwh,
    d.published_at,
    d.source_file,
    current_timestamp()                         as processed_at

from deduplicated d
left join `workspace`.`silver`.`category_mapping` m
    on  d.production_type = m.source_category
    and m.source = 'mimer'
where d.version_rank = 1
  
[0m11:46:54.387996 [debug] [Thread-3 (]: SQL status: OK in 6.450 seconds
[0m11:46:54.390373 [debug] [Thread-3 (]: Databricks adapter: Cursor(session-id=01f1b27c-b23f-1c0f-bcae-17a6c951ee65, command-id=01f1b27c-b2a5-1e37-8f30-6ca27d603bd1) - Closing
[0m11:46:54.633883 [debug] [Thread-3 (]: Applying tags to relation None
[0m11:46:54.670053 [debug] [Thread-3 (]: On model.sweden_power_lakehouse.production_hourly: Close
[0m11:46:54.670769 [debug] [Thread-3 (]: Databricks adapter: Connection(session-id=01f1b27c-b23f-1c0f-bcae-17a6c951ee65) - Closing
[0m11:46:54.861468 [debug] [Thread-3 (]: Sending event: {'category': 'dbt', 'action': 'run_model', 'label': '86f36605-ba7e-4c69-b5ed-2c3dc52521cf', 'context': [<snowplow_tracker.self_describing_json.SelfDescribingJson object at 0x00000214C361D3B0>]}
[0m11:46:54.863317 [info ] [Thread-3 (]: 5 of 35 OK created sql table model silver.production_hourly .................... [[32mOK[0m in 8.10s]
[0m11:46:54.867222 [debug] [Thread-3 (]: Finished running node model.sweden_power_lakehouse.production_hourly
[0m11:46:54.870147 [debug] [Thread-4 (]: Began running node test.sweden_power_lakehouse.dbt_utils_unique_combination_of_columns_production_hourly_area__category__ts.5cd94691e9
[0m11:46:54.871038 [debug] [Thread-6 (]: Began running node test.sweden_power_lakehouse.accepted_values_production_hourly_source__mimer.7dbca9353d
[0m11:46:54.871926 [debug] [Thread-3 (]: Began running node test.sweden_power_lakehouse.not_null_production_hourly_area.0871d3b78c
[0m11:46:54.872756 [debug] [Thread-5 (]: Began running node test.sweden_power_lakehouse.accepted_values_production_hourly_area__SE1__SE2__SE3__SE4.1e02f2d233
[0m11:46:54.873700 [info ] [Thread-4 (]: 8 of 35 START test dbt_utils_unique_combination_of_columns_production_hourly_area__category__ts  [RUN]
[0m11:46:54.875186 [info ] [Thread-6 (]: 7 of 35 START test accepted_values_production_hourly_source__mimer ............. [RUN]
[0m11:46:54.875910 [info ] [Thread-3 (]: 9 of 35 START test not_null_production_hourly_area ............................. [RUN]
[0m11:46:54.878193 [debug] [Thread-4 (]: Databricks adapter: DatabricksDBTConnection(session-id=None, name=test.sweden_power_lakehouse.dbt_utils_unique_combination_of_columns_production_hourly_area__category__ts.5cd94691e9) - Creating connection
[0m11:46:54.876843 [info ] [Thread-5 (]: 6 of 35 START test accepted_values_production_hourly_area__SE1__SE2__SE3__SE4 .. [RUN]
[0m11:46:54.879810 [debug] [Thread-6 (]: Databricks adapter: DatabricksDBTConnection(session-id=None, name=test.sweden_power_lakehouse.accepted_values_production_hourly_source__mimer.7dbca9353d) - Creating connection
[0m11:46:54.881620 [debug] [Thread-3 (]: Databricks adapter: DatabricksDBTConnection(session-id=None, name=test.sweden_power_lakehouse.not_null_production_hourly_area.0871d3b78c) - Creating connection
[0m11:46:54.884679 [debug] [Thread-4 (]: Acquiring new databricks connection 'test.sweden_power_lakehouse.dbt_utils_unique_combination_of_columns_production_hourly_area__category__ts.5cd94691e9'
[0m11:46:54.886151 [debug] [Thread-5 (]: Databricks adapter: DatabricksDBTConnection(session-id=None, name=test.sweden_power_lakehouse.accepted_values_production_hourly_area__SE1__SE2__SE3__SE4.1e02f2d233) - Creating connection
[0m11:46:54.887012 [debug] [Thread-6 (]: Acquiring new databricks connection 'test.sweden_power_lakehouse.accepted_values_production_hourly_source__mimer.7dbca9353d'
[0m11:46:54.888137 [debug] [Thread-3 (]: Acquiring new databricks connection 'test.sweden_power_lakehouse.not_null_production_hourly_area.0871d3b78c'
[0m11:46:54.889104 [debug] [Thread-4 (]: Began compiling node test.sweden_power_lakehouse.dbt_utils_unique_combination_of_columns_production_hourly_area__category__ts.5cd94691e9
[0m11:46:54.890145 [debug] [Thread-5 (]: Acquiring new databricks connection 'test.sweden_power_lakehouse.accepted_values_production_hourly_area__SE1__SE2__SE3__SE4.1e02f2d233'
[0m11:46:54.891237 [debug] [Thread-6 (]: Began compiling node test.sweden_power_lakehouse.accepted_values_production_hourly_source__mimer.7dbca9353d
[0m11:46:54.892272 [debug] [Thread-3 (]: Began compiling node test.sweden_power_lakehouse.not_null_production_hourly_area.0871d3b78c
[0m11:46:54.916911 [debug] [Thread-4 (]: Writing injected SQL for node "test.sweden_power_lakehouse.dbt_utils_unique_combination_of_columns_production_hourly_area__category__ts.5cd94691e9"
[0m11:46:54.917985 [debug] [Thread-5 (]: Began compiling node test.sweden_power_lakehouse.accepted_values_production_hourly_area__SE1__SE2__SE3__SE4.1e02f2d233
[0m11:46:54.944064 [debug] [Thread-6 (]: Writing injected SQL for node "test.sweden_power_lakehouse.accepted_values_production_hourly_source__mimer.7dbca9353d"
[0m11:46:55.002403 [debug] [Thread-5 (]: Writing injected SQL for node "test.sweden_power_lakehouse.accepted_values_production_hourly_area__SE1__SE2__SE3__SE4.1e02f2d233"
[0m11:46:55.007977 [debug] [Thread-4 (]: Began executing node test.sweden_power_lakehouse.dbt_utils_unique_combination_of_columns_production_hourly_area__category__ts.5cd94691e9
[0m11:46:55.012304 [debug] [Thread-4 (]: Writing runtime sql for node "test.sweden_power_lakehouse.dbt_utils_unique_combination_of_columns_production_hourly_area__category__ts.5cd94691e9"
[0m11:46:55.024837 [debug] [Thread-6 (]: Began executing node test.sweden_power_lakehouse.accepted_values_production_hourly_source__mimer.7dbca9353d
[0m11:46:55.035623 [debug] [Thread-6 (]: Writing runtime sql for node "test.sweden_power_lakehouse.accepted_values_production_hourly_source__mimer.7dbca9353d"
[0m11:46:55.030475 [debug] [Thread-5 (]: Began executing node test.sweden_power_lakehouse.accepted_values_production_hourly_area__SE1__SE2__SE3__SE4.1e02f2d233
[0m11:46:55.029660 [debug] [Thread-3 (]: Writing injected SQL for node "test.sweden_power_lakehouse.not_null_production_hourly_area.0871d3b78c"
[0m11:46:55.037392 [debug] [Thread-4 (]: Using databricks connection "test.sweden_power_lakehouse.dbt_utils_unique_combination_of_columns_production_hourly_area__category__ts.5cd94691e9"
[0m11:46:55.043326 [debug] [Thread-4 (]: On test.sweden_power_lakehouse.dbt_utils_unique_combination_of_columns_production_hourly_area__category__ts.5cd94691e9: /* {"app": "dbt", "dbt_version": "1.12.3", "dbt_databricks_version": "1.12.5", "databricks_sql_connector_version": "4.4.0", "profile_name": "sweden_power_lakehouse", "target_name": "dev", "invocation_id": "86f36605-ba7e-4c69-b5ed-2c3dc52521cf", "node_id": "test.sweden_power_lakehouse.dbt_utils_unique_combination_of_columns_production_hourly_area__category__ts.5cd94691e9"} */

    
    select
      count(*) as failures,
      count(*) != 0 as should_warn,
      count(*) != 0 as should_error
    from (
      
    
  





with validation_errors as (

    select
        area, category, ts
    from `workspace`.`silver`.`production_hourly`
    group by area, category, ts
    having count(*) > 1

)

select *
from validation_errors



  
  
      
    ) dbt_internal_test
[0m11:46:55.041337 [debug] [Thread-5 (]: Writing runtime sql for node "test.sweden_power_lakehouse.accepted_values_production_hourly_area__SE1__SE2__SE3__SE4.1e02f2d233"
[0m11:46:55.046374 [debug] [Thread-6 (]: Using databricks connection "test.sweden_power_lakehouse.accepted_values_production_hourly_source__mimer.7dbca9353d"
[0m11:46:55.044505 [debug] [Thread-4 (]: Opening a new connection, currently in state init
[0m11:46:55.050364 [debug] [Thread-3 (]: Began executing node test.sweden_power_lakehouse.not_null_production_hourly_area.0871d3b78c
[0m11:46:55.054690 [debug] [Thread-3 (]: Writing runtime sql for node "test.sweden_power_lakehouse.not_null_production_hourly_area.0871d3b78c"
[0m11:46:55.048247 [debug] [Thread-6 (]: On test.sweden_power_lakehouse.accepted_values_production_hourly_source__mimer.7dbca9353d: /* {"app": "dbt", "dbt_version": "1.12.3", "dbt_databricks_version": "1.12.5", "databricks_sql_connector_version": "4.4.0", "profile_name": "sweden_power_lakehouse", "target_name": "dev", "invocation_id": "86f36605-ba7e-4c69-b5ed-2c3dc52521cf", "node_id": "test.sweden_power_lakehouse.accepted_values_production_hourly_source__mimer.7dbca9353d"} */

    
    select
      count(*) as failures,
      count(*) != 0 as should_warn,
      count(*) != 0 as should_error
    from (
      
    
  
    
    

with all_values as (

    select
        source as value_field,
        count(*) as n_records

    from `workspace`.`silver`.`production_hourly`
    group by source

)

select *
from all_values
where value_field not in (
    'mimer'
)



  
  
      
    ) dbt_internal_test
[0m11:46:55.056837 [debug] [Thread-6 (]: Opening a new connection, currently in state init
[0m11:46:55.057996 [debug] [Thread-5 (]: Using databricks connection "test.sweden_power_lakehouse.accepted_values_production_hourly_area__SE1__SE2__SE3__SE4.1e02f2d233"
[0m11:46:55.060322 [debug] [Thread-5 (]: On test.sweden_power_lakehouse.accepted_values_production_hourly_area__SE1__SE2__SE3__SE4.1e02f2d233: /* {"app": "dbt", "dbt_version": "1.12.3", "dbt_databricks_version": "1.12.5", "databricks_sql_connector_version": "4.4.0", "profile_name": "sweden_power_lakehouse", "target_name": "dev", "invocation_id": "86f36605-ba7e-4c69-b5ed-2c3dc52521cf", "node_id": "test.sweden_power_lakehouse.accepted_values_production_hourly_area__SE1__SE2__SE3__SE4.1e02f2d233"} */

    
    select
      count(*) as failures,
      count(*) != 0 as should_warn,
      count(*) != 0 as should_error
    from (
      
    
  
    
    

with all_values as (

    select
        area as value_field,
        count(*) as n_records

    from `workspace`.`silver`.`production_hourly`
    group by area

)

select *
from all_values
where value_field not in (
    'SE1','SE2','SE3','SE4'
)



  
  
      
    ) dbt_internal_test
[0m11:46:55.062708 [debug] [Thread-5 (]: Opening a new connection, currently in state init
[0m11:46:55.061771 [debug] [Thread-3 (]: Using databricks connection "test.sweden_power_lakehouse.not_null_production_hourly_area.0871d3b78c"
[0m11:46:55.064257 [debug] [Thread-3 (]: On test.sweden_power_lakehouse.not_null_production_hourly_area.0871d3b78c: /* {"app": "dbt", "dbt_version": "1.12.3", "dbt_databricks_version": "1.12.5", "databricks_sql_connector_version": "4.4.0", "profile_name": "sweden_power_lakehouse", "target_name": "dev", "invocation_id": "86f36605-ba7e-4c69-b5ed-2c3dc52521cf", "node_id": "test.sweden_power_lakehouse.not_null_production_hourly_area.0871d3b78c"} */

    
    select
      count(*) as failures,
      count(*) != 0 as should_warn,
      count(*) != 0 as should_error
    from (
      
    
  
    
    



select area
from `workspace`.`silver`.`production_hourly`
where area is null



  
  
      
    ) dbt_internal_test
[0m11:46:55.065671 [debug] [Thread-3 (]: Opening a new connection, currently in state init
[0m11:46:55.838441 [debug] [Thread-6 (]: Databricks adapter: Connection(session-id=01f1b27c-b73d-189e-8d72-1d4f53a8378f) - Created
[0m11:46:55.839255 [debug] [Thread-3 (]: Databricks adapter: Connection(session-id=01f1b27c-b73d-1a75-9d7e-67a4b1d42178) - Created
[0m11:46:55.860543 [debug] [Thread-4 (]: Databricks adapter: Connection(session-id=01f1b27c-b741-17dc-999c-d48dea93c8c7) - Created
[0m11:46:55.863501 [debug] [Thread-5 (]: Databricks adapter: Connection(session-id=01f1b27c-b743-154c-b99d-3181d3b08436) - Created
[0m11:46:56.644763 [debug] [Thread-6 (]: SQL status: OK in 1.590 seconds
[0m11:46:56.648688 [debug] [Thread-6 (]: Databricks adapter: Cursor(session-id=01f1b27c-b73d-189e-8d72-1d4f53a8378f, command-id=01f1b27c-b758-165f-b353-0bf8960613a9) - Closing
[0m11:46:56.649969 [debug] [Thread-6 (]: On test.sweden_power_lakehouse.accepted_values_production_hourly_source__mimer.7dbca9353d: Close
[0m11:46:56.650667 [debug] [Thread-6 (]: Databricks adapter: Connection(session-id=01f1b27c-b73d-189e-8d72-1d4f53a8378f) - Closing
[0m11:46:56.835932 [info ] [Thread-6 (]: 7 of 35 PASS accepted_values_production_hourly_source__mimer ................... [[32mPASS[0m in 1.96s]
[0m11:46:56.837213 [debug] [Thread-6 (]: Finished running node test.sweden_power_lakehouse.accepted_values_production_hourly_source__mimer.7dbca9353d
[0m11:46:56.838057 [debug] [Thread-6 (]: Began running node test.sweden_power_lakehouse.not_null_production_hourly_category.d6f905a46a
[0m11:46:56.839013 [info ] [Thread-6 (]: 10 of 35 START test not_null_production_hourly_category ........................ [RUN]
[0m11:46:56.840422 [debug] [Thread-6 (]: Databricks adapter: DatabricksDBTConnection(session-id=None, name=test.sweden_power_lakehouse.not_null_production_hourly_category.d6f905a46a) - Creating connection
[0m11:46:56.841294 [debug] [Thread-6 (]: Acquiring new databricks connection 'test.sweden_power_lakehouse.not_null_production_hourly_category.d6f905a46a'
[0m11:46:56.842124 [debug] [Thread-6 (]: Began compiling node test.sweden_power_lakehouse.not_null_production_hourly_category.d6f905a46a
[0m11:46:57.038249 [debug] [Thread-3 (]: SQL status: OK in 1.970 seconds
[0m11:46:57.059599 [debug] [Thread-6 (]: Writing injected SQL for node "test.sweden_power_lakehouse.not_null_production_hourly_category.d6f905a46a"
[0m11:46:57.061554 [debug] [Thread-5 (]: SQL status: OK in 2.000 seconds
[0m11:46:57.066825 [debug] [Thread-3 (]: Databricks adapter: Cursor(session-id=01f1b27c-b73d-1a75-9d7e-67a4b1d42178, command-id=01f1b27c-b758-1b43-af91-8d2b2d508267) - Closing
[0m11:46:57.068176 [debug] [Thread-3 (]: On test.sweden_power_lakehouse.not_null_production_hourly_area.0871d3b78c: Close
[0m11:46:57.069671 [debug] [Thread-3 (]: Databricks adapter: Connection(session-id=01f1b27c-b73d-1a75-9d7e-67a4b1d42178) - Closing
[0m11:46:57.071022 [debug] [Thread-6 (]: Began executing node test.sweden_power_lakehouse.not_null_production_hourly_category.d6f905a46a
[0m11:46:57.077015 [debug] [Thread-6 (]: Writing runtime sql for node "test.sweden_power_lakehouse.not_null_production_hourly_category.d6f905a46a"
[0m11:46:57.073525 [debug] [Thread-5 (]: Databricks adapter: Cursor(session-id=01f1b27c-b743-154c-b99d-3181d3b08436, command-id=01f1b27c-b75c-1e64-a69d-0434dc5fe84e) - Closing
[0m11:46:57.253942 [debug] [Thread-5 (]: On test.sweden_power_lakehouse.accepted_values_production_hourly_area__SE1__SE2__SE3__SE4.1e02f2d233: Close
[0m11:46:57.254767 [debug] [Thread-5 (]: Databricks adapter: Connection(session-id=01f1b27c-b743-154c-b99d-3181d3b08436) - Closing
[0m11:46:57.359443 [debug] [Thread-4 (]: SQL status: OK in 2.320 seconds
[0m11:46:57.362473 [debug] [Thread-4 (]: Databricks adapter: Cursor(session-id=01f1b27c-b741-17dc-999c-d48dea93c8c7, command-id=01f1b27c-b75b-13a2-bf1c-146377162feb) - Closing
[0m11:46:57.440529 [debug] [Thread-6 (]: Using databricks connection "test.sweden_power_lakehouse.not_null_production_hourly_category.d6f905a46a"
[0m11:46:57.443314 [debug] [Thread-6 (]: On test.sweden_power_lakehouse.not_null_production_hourly_category.d6f905a46a: /* {"app": "dbt", "dbt_version": "1.12.3", "dbt_databricks_version": "1.12.5", "databricks_sql_connector_version": "4.4.0", "profile_name": "sweden_power_lakehouse", "target_name": "dev", "invocation_id": "86f36605-ba7e-4c69-b5ed-2c3dc52521cf", "node_id": "test.sweden_power_lakehouse.not_null_production_hourly_category.d6f905a46a"} */

    
    select
      count(*) as failures,
      count(*) != 0 as should_warn,
      count(*) != 0 as should_error
    from (
      
    
  
    
    



select category
from `workspace`.`silver`.`production_hourly`
where category is null



  
  
      
    ) dbt_internal_test
[0m11:46:57.442117 [debug] [Thread-4 (]: On test.sweden_power_lakehouse.dbt_utils_unique_combination_of_columns_production_hourly_area__category__ts.5cd94691e9: Close
[0m11:46:57.441369 [info ] [Thread-3 (]: 9 of 35 PASS not_null_production_hourly_area ................................... [[32mPASS[0m in 2.56s]
[0m11:46:57.444867 [debug] [Thread-6 (]: Opening a new connection, currently in state init
[0m11:46:57.446243 [debug] [Thread-4 (]: Databricks adapter: Connection(session-id=01f1b27c-b741-17dc-999c-d48dea93c8c7) - Closing
[0m11:46:57.448646 [debug] [Thread-3 (]: Finished running node test.sweden_power_lakehouse.not_null_production_hourly_area.0871d3b78c
[0m11:46:57.450879 [debug] [Thread-3 (]: Began running node test.sweden_power_lakehouse.not_null_production_hourly_published_at.6087d9a0e6
[0m11:46:57.451808 [info ] [Thread-3 (]: 11 of 35 START test not_null_production_hourly_published_at .................... [RUN]
[0m11:46:57.666154 [debug] [Thread-3 (]: Databricks adapter: DatabricksDBTConnection(session-id=None, name=test.sweden_power_lakehouse.not_null_production_hourly_published_at.6087d9a0e6) - Creating connection
[0m11:46:57.667235 [debug] [Thread-3 (]: Acquiring new databricks connection 'test.sweden_power_lakehouse.not_null_production_hourly_published_at.6087d9a0e6'
[0m11:46:57.669072 [debug] [Thread-3 (]: Began compiling node test.sweden_power_lakehouse.not_null_production_hourly_published_at.6087d9a0e6
[0m11:46:57.665732 [info ] [Thread-5 (]: 6 of 35 PASS accepted_values_production_hourly_area__SE1__SE2__SE3__SE4 ........ [[32mPASS[0m in 2.78s]
[0m11:46:57.668345 [info ] [Thread-4 (]: 8 of 35 PASS dbt_utils_unique_combination_of_columns_production_hourly_area__category__ts  [[32mPASS[0m in 2.79s]
[0m11:46:57.684477 [debug] [Thread-3 (]: Writing injected SQL for node "test.sweden_power_lakehouse.not_null_production_hourly_published_at.6087d9a0e6"
[0m11:46:57.685901 [debug] [Thread-5 (]: Finished running node test.sweden_power_lakehouse.accepted_values_production_hourly_area__SE1__SE2__SE3__SE4.1e02f2d233
[0m11:46:57.687986 [debug] [Thread-5 (]: Began running node test.sweden_power_lakehouse.not_null_production_hourly_source.ddbdc119da
[0m11:46:57.688593 [info ] [Thread-5 (]: 12 of 35 START test not_null_production_hourly_source .......................... [RUN]
[0m11:46:57.687032 [debug] [Thread-4 (]: Finished running node test.sweden_power_lakehouse.dbt_utils_unique_combination_of_columns_production_hourly_area__category__ts.5cd94691e9
[0m11:46:57.690613 [debug] [Thread-4 (]: Began running node test.sweden_power_lakehouse.not_null_production_hourly_ts.8bea084dd4
[0m11:46:57.692279 [debug] [Thread-3 (]: Began executing node test.sweden_power_lakehouse.not_null_production_hourly_published_at.6087d9a0e6
[0m11:46:57.689812 [debug] [Thread-5 (]: Databricks adapter: DatabricksDBTConnection(session-id=None, name=test.sweden_power_lakehouse.not_null_production_hourly_source.ddbdc119da) - Creating connection
[0m11:46:57.691384 [info ] [Thread-4 (]: 13 of 35 START test not_null_production_hourly_ts .............................. [RUN]
[0m11:46:57.694841 [debug] [Thread-3 (]: Writing runtime sql for node "test.sweden_power_lakehouse.not_null_production_hourly_published_at.6087d9a0e6"
[0m11:46:57.695536 [debug] [Thread-5 (]: Acquiring new databricks connection 'test.sweden_power_lakehouse.not_null_production_hourly_source.ddbdc119da'
[0m11:46:57.698064 [debug] [Thread-5 (]: Began compiling node test.sweden_power_lakehouse.not_null_production_hourly_source.ddbdc119da
[0m11:46:57.696717 [debug] [Thread-4 (]: Databricks adapter: DatabricksDBTConnection(session-id=None, name=test.sweden_power_lakehouse.not_null_production_hourly_ts.8bea084dd4) - Creating connection
[0m11:46:57.711843 [debug] [Thread-4 (]: Acquiring new databricks connection 'test.sweden_power_lakehouse.not_null_production_hourly_ts.8bea084dd4'
[0m11:46:57.711014 [debug] [Thread-5 (]: Writing injected SQL for node "test.sweden_power_lakehouse.not_null_production_hourly_source.ddbdc119da"
[0m11:46:57.713021 [debug] [Thread-4 (]: Began compiling node test.sweden_power_lakehouse.not_null_production_hourly_ts.8bea084dd4
[0m11:46:57.725238 [debug] [Thread-4 (]: Writing injected SQL for node "test.sweden_power_lakehouse.not_null_production_hourly_ts.8bea084dd4"
[0m11:46:57.725866 [debug] [Thread-3 (]: Using databricks connection "test.sweden_power_lakehouse.not_null_production_hourly_published_at.6087d9a0e6"
[0m11:46:57.726818 [debug] [Thread-3 (]: On test.sweden_power_lakehouse.not_null_production_hourly_published_at.6087d9a0e6: /* {"app": "dbt", "dbt_version": "1.12.3", "dbt_databricks_version": "1.12.5", "databricks_sql_connector_version": "4.4.0", "profile_name": "sweden_power_lakehouse", "target_name": "dev", "invocation_id": "86f36605-ba7e-4c69-b5ed-2c3dc52521cf", "node_id": "test.sweden_power_lakehouse.not_null_production_hourly_published_at.6087d9a0e6"} */

    
    select
      count(*) as failures,
      count(*) != 0 as should_warn,
      count(*) != 0 as should_error
    from (
      
    
  
    
    



select published_at
from `workspace`.`silver`.`production_hourly`
where published_at is null



  
  
      
    ) dbt_internal_test
[0m11:46:57.727556 [debug] [Thread-3 (]: Opening a new connection, currently in state init
[0m11:46:57.728765 [debug] [Thread-5 (]: Began executing node test.sweden_power_lakehouse.not_null_production_hourly_source.ddbdc119da
[0m11:46:57.731898 [debug] [Thread-5 (]: Writing runtime sql for node "test.sweden_power_lakehouse.not_null_production_hourly_source.ddbdc119da"
[0m11:46:57.732706 [debug] [Thread-4 (]: Began executing node test.sweden_power_lakehouse.not_null_production_hourly_ts.8bea084dd4
[0m11:46:57.735322 [debug] [Thread-4 (]: Writing runtime sql for node "test.sweden_power_lakehouse.not_null_production_hourly_ts.8bea084dd4"
[0m11:46:57.736942 [debug] [Thread-4 (]: Using databricks connection "test.sweden_power_lakehouse.not_null_production_hourly_ts.8bea084dd4"
[0m11:46:57.739038 [debug] [Thread-4 (]: On test.sweden_power_lakehouse.not_null_production_hourly_ts.8bea084dd4: /* {"app": "dbt", "dbt_version": "1.12.3", "dbt_databricks_version": "1.12.5", "databricks_sql_connector_version": "4.4.0", "profile_name": "sweden_power_lakehouse", "target_name": "dev", "invocation_id": "86f36605-ba7e-4c69-b5ed-2c3dc52521cf", "node_id": "test.sweden_power_lakehouse.not_null_production_hourly_ts.8bea084dd4"} */

    
    select
      count(*) as failures,
      count(*) != 0 as should_warn,
      count(*) != 0 as should_error
    from (
      
    
  
    
    



select ts
from `workspace`.`silver`.`production_hourly`
where ts is null



  
  
      
    ) dbt_internal_test
[0m11:46:57.739740 [debug] [Thread-4 (]: Opening a new connection, currently in state init
[0m11:46:57.737902 [debug] [Thread-5 (]: Using databricks connection "test.sweden_power_lakehouse.not_null_production_hourly_source.ddbdc119da"
[0m11:46:57.741302 [debug] [Thread-5 (]: On test.sweden_power_lakehouse.not_null_production_hourly_source.ddbdc119da: /* {"app": "dbt", "dbt_version": "1.12.3", "dbt_databricks_version": "1.12.5", "databricks_sql_connector_version": "4.4.0", "profile_name": "sweden_power_lakehouse", "target_name": "dev", "invocation_id": "86f36605-ba7e-4c69-b5ed-2c3dc52521cf", "node_id": "test.sweden_power_lakehouse.not_null_production_hourly_source.ddbdc119da"} */

    
    select
      count(*) as failures,
      count(*) != 0 as should_warn,
      count(*) != 0 as should_error
    from (
      
    
  
    
    



select source
from `workspace`.`silver`.`production_hourly`
where source is null



  
  
      
    ) dbt_internal_test
[0m11:46:57.744313 [debug] [Thread-5 (]: Opening a new connection, currently in state init
[0m11:46:58.147160 [debug] [Thread-6 (]: Databricks adapter: Connection(session-id=01f1b27c-b89c-1fe7-baac-aa4a4effa255) - Created
[0m11:46:58.355039 [debug] [Thread-3 (]: Databricks adapter: Connection(session-id=01f1b27c-b8c0-1f84-8ab0-9bfb0a7ec58e) - Created
[0m11:46:58.457483 [debug] [Thread-5 (]: Databricks adapter: Connection(session-id=01f1b27c-b8d0-1db3-8102-66bd0930365d) - Created
[0m11:46:58.497988 [debug] [Thread-4 (]: Databricks adapter: Connection(session-id=01f1b27c-b8d2-165d-acb9-8a8b4e7284f7) - Created
[0m11:46:58.702789 [debug] [Thread-6 (]: SQL status: OK in 1.260 seconds
[0m11:46:58.705814 [debug] [Thread-6 (]: Databricks adapter: Cursor(session-id=01f1b27c-b89c-1fe7-baac-aa4a4effa255, command-id=01f1b27c-b8b8-1633-9ca0-c8f47e0a859c) - Closing
[0m11:46:58.706878 [debug] [Thread-6 (]: On test.sweden_power_lakehouse.not_null_production_hourly_category.d6f905a46a: Close
[0m11:46:58.707441 [debug] [Thread-6 (]: Databricks adapter: Connection(session-id=01f1b27c-b89c-1fe7-baac-aa4a4effa255) - Closing
[0m11:46:58.887084 [info ] [Thread-6 (]: 10 of 35 PASS not_null_production_hourly_category .............................. [[32mPASS[0m in 2.05s]
[0m11:46:58.888545 [debug] [Thread-6 (]: Finished running node test.sweden_power_lakehouse.not_null_production_hourly_category.d6f905a46a
[0m11:46:58.889411 [debug] [Thread-6 (]: Began running node test.sweden_power_lakehouse.not_null_production_hourly_value_mwh.93c26a886b
[0m11:46:58.890296 [info ] [Thread-6 (]: 14 of 35 START test not_null_production_hourly_value_mwh ....................... [RUN]
[0m11:46:58.891663 [debug] [Thread-6 (]: Databricks adapter: DatabricksDBTConnection(session-id=None, name=test.sweden_power_lakehouse.not_null_production_hourly_value_mwh.93c26a886b) - Creating connection
[0m11:46:58.892391 [debug] [Thread-6 (]: Acquiring new databricks connection 'test.sweden_power_lakehouse.not_null_production_hourly_value_mwh.93c26a886b'
[0m11:46:58.893185 [debug] [Thread-6 (]: Began compiling node test.sweden_power_lakehouse.not_null_production_hourly_value_mwh.93c26a886b
[0m11:46:58.906892 [debug] [Thread-6 (]: Writing injected SQL for node "test.sweden_power_lakehouse.not_null_production_hourly_value_mwh.93c26a886b"
[0m11:46:58.908378 [debug] [Thread-6 (]: Began executing node test.sweden_power_lakehouse.not_null_production_hourly_value_mwh.93c26a886b
[0m11:46:58.910844 [debug] [Thread-6 (]: Writing runtime sql for node "test.sweden_power_lakehouse.not_null_production_hourly_value_mwh.93c26a886b"
[0m11:46:58.912323 [debug] [Thread-6 (]: Using databricks connection "test.sweden_power_lakehouse.not_null_production_hourly_value_mwh.93c26a886b"
[0m11:46:58.913100 [debug] [Thread-6 (]: On test.sweden_power_lakehouse.not_null_production_hourly_value_mwh.93c26a886b: /* {"app": "dbt", "dbt_version": "1.12.3", "dbt_databricks_version": "1.12.5", "databricks_sql_connector_version": "4.4.0", "profile_name": "sweden_power_lakehouse", "target_name": "dev", "invocation_id": "86f36605-ba7e-4c69-b5ed-2c3dc52521cf", "node_id": "test.sweden_power_lakehouse.not_null_production_hourly_value_mwh.93c26a886b"} */

    
    select
      count(*) as failures,
      count(*) != 0 as should_warn,
      count(*) != 0 as should_error
    from (
      
    
  
    
    



select value_mwh
from `workspace`.`silver`.`production_hourly`
where value_mwh is null



  
  
      
    ) dbt_internal_test
[0m11:46:58.913694 [debug] [Thread-6 (]: Opening a new connection, currently in state init
[0m11:46:59.294938 [debug] [Thread-3 (]: SQL status: OK in 1.570 seconds
[0m11:46:59.297737 [debug] [Thread-3 (]: Databricks adapter: Cursor(session-id=01f1b27c-b8c0-1f84-8ab0-9bfb0a7ec58e, command-id=01f1b27c-b8d8-1234-857c-ad40da78c34b) - Closing
[0m11:46:59.298683 [debug] [Thread-3 (]: On test.sweden_power_lakehouse.not_null_production_hourly_published_at.6087d9a0e6: Close
[0m11:46:59.299211 [debug] [Thread-3 (]: Databricks adapter: Connection(session-id=01f1b27c-b8c0-1f84-8ab0-9bfb0a7ec58e) - Closing
[0m11:46:59.480551 [info ] [Thread-3 (]: 11 of 35 PASS not_null_production_hourly_published_at .......................... [[32mPASS[0m in 2.03s]
[0m11:46:59.482336 [debug] [Thread-3 (]: Finished running node test.sweden_power_lakehouse.not_null_production_hourly_published_at.6087d9a0e6
[0m11:46:59.483221 [debug] [Thread-3 (]: Began running node test.sweden_power_lakehouse.relationships_production_hourly_category__category__ref_category_mapping_.50c984e9c3
[0m11:46:59.484082 [info ] [Thread-3 (]: 15 of 35 START test relationships_production_hourly_category__category__ref_category_mapping_  [RUN]
[0m11:46:59.485428 [debug] [Thread-3 (]: Databricks adapter: DatabricksDBTConnection(session-id=None, name=test.sweden_power_lakehouse.relationships_production_hourly_category__category__ref_category_mapping_.50c984e9c3) - Creating connection
[0m11:46:59.486314 [debug] [Thread-3 (]: Acquiring new databricks connection 'test.sweden_power_lakehouse.relationships_production_hourly_category__category__ref_category_mapping_.50c984e9c3'
[0m11:46:59.487086 [debug] [Thread-3 (]: Began compiling node test.sweden_power_lakehouse.relationships_production_hourly_category__category__ref_category_mapping_.50c984e9c3
[0m11:46:59.518099 [debug] [Thread-3 (]: Writing injected SQL for node "test.sweden_power_lakehouse.relationships_production_hourly_category__category__ref_category_mapping_.50c984e9c3"
[0m11:46:59.519943 [debug] [Thread-6 (]: Databricks adapter: Connection(session-id=01f1b27c-b96f-1674-9f07-3f760b54a55a) - Created
[0m11:46:59.521876 [debug] [Thread-3 (]: Began executing node test.sweden_power_lakehouse.relationships_production_hourly_category__category__ref_category_mapping_.50c984e9c3
[0m11:46:59.524998 [debug] [Thread-3 (]: Writing runtime sql for node "test.sweden_power_lakehouse.relationships_production_hourly_category__category__ref_category_mapping_.50c984e9c3"
[0m11:46:59.526502 [debug] [Thread-3 (]: Using databricks connection "test.sweden_power_lakehouse.relationships_production_hourly_category__category__ref_category_mapping_.50c984e9c3"
[0m11:46:59.527532 [debug] [Thread-3 (]: On test.sweden_power_lakehouse.relationships_production_hourly_category__category__ref_category_mapping_.50c984e9c3: /* {"app": "dbt", "dbt_version": "1.12.3", "dbt_databricks_version": "1.12.5", "databricks_sql_connector_version": "4.4.0", "profile_name": "sweden_power_lakehouse", "target_name": "dev", "invocation_id": "86f36605-ba7e-4c69-b5ed-2c3dc52521cf", "node_id": "test.sweden_power_lakehouse.relationships_production_hourly_category__category__ref_category_mapping_.50c984e9c3"} */

    
    select
      count(*) as failures,
      count(*) != 0 as should_warn,
      count(*) != 0 as should_error
    from (
      
    
  
    
    

with child as (
    select category as from_field
    from `workspace`.`silver`.`production_hourly`
    where category is not null
),

parent as (
    select category as to_field
    from `workspace`.`silver`.`category_mapping`
)

select
    from_field

from child
left join parent
    on child.from_field = parent.to_field

where parent.to_field is null



  
  
      
    ) dbt_internal_test
[0m11:46:59.529163 [debug] [Thread-3 (]: Opening a new connection, currently in state init
[0m11:46:59.658598 [debug] [Thread-5 (]: SQL status: OK in 1.910 seconds
[0m11:46:59.664023 [debug] [Thread-5 (]: Databricks adapter: Cursor(session-id=01f1b27c-b8d0-1db3-8102-66bd0930365d, command-id=01f1b27c-b8e8-1231-99b9-6acc8e9783e7) - Closing
[0m11:46:59.666821 [debug] [Thread-5 (]: On test.sweden_power_lakehouse.not_null_production_hourly_source.ddbdc119da: Close
[0m11:46:59.668793 [debug] [Thread-5 (]: Databricks adapter: Connection(session-id=01f1b27c-b8d0-1db3-8102-66bd0930365d) - Closing
[0m11:46:59.739186 [debug] [Thread-4 (]: SQL status: OK in 2.000 seconds
[0m11:46:59.742717 [debug] [Thread-4 (]: Databricks adapter: Cursor(session-id=01f1b27c-b8d2-165d-acb9-8a8b4e7284f7, command-id=01f1b27c-b8ed-1bc4-8de4-9a16a91a5a84) - Closing
[0m11:46:59.848948 [debug] [Thread-4 (]: On test.sweden_power_lakehouse.not_null_production_hourly_ts.8bea084dd4: Close
[0m11:46:59.850148 [debug] [Thread-4 (]: Databricks adapter: Connection(session-id=01f1b27c-b8d2-165d-acb9-8a8b4e7284f7) - Closing
[0m11:47:00.049431 [info ] [Thread-5 (]: 12 of 35 PASS not_null_production_hourly_source ................................ [[32mPASS[0m in 2.36s]
[0m11:47:00.054076 [debug] [Thread-5 (]: Finished running node test.sweden_power_lakehouse.not_null_production_hourly_source.ddbdc119da
[0m11:47:00.057281 [debug] [Thread-5 (]: Began running node test.sweden_power_lakehouse.solar_produces_at_night
[0m11:47:00.050842 [info ] [Thread-4 (]: 13 of 35 PASS not_null_production_hourly_ts .................................... [[32mPASS[0m in 2.35s]
[0m11:47:00.059705 [debug] [Thread-4 (]: Finished running node test.sweden_power_lakehouse.not_null_production_hourly_ts.8bea084dd4
[0m11:47:00.058448 [info ] [Thread-5 (]: 16 of 35 START test solar_produces_at_night .................................... [RUN]
[0m11:47:00.064676 [debug] [Thread-5 (]: Databricks adapter: DatabricksDBTConnection(session-id=None, name=test.sweden_power_lakehouse.solar_produces_at_night) - Creating connection
[0m11:47:00.065651 [debug] [Thread-5 (]: Acquiring new databricks connection 'test.sweden_power_lakehouse.solar_produces_at_night'
[0m11:47:00.066691 [debug] [Thread-5 (]: Began compiling node test.sweden_power_lakehouse.solar_produces_at_night
[0m11:47:00.072261 [debug] [Thread-5 (]: Writing injected SQL for node "test.sweden_power_lakehouse.solar_produces_at_night"
[0m11:47:00.074062 [debug] [Thread-5 (]: Began executing node test.sweden_power_lakehouse.solar_produces_at_night
[0m11:47:00.078890 [debug] [Thread-5 (]: Writing runtime sql for node "test.sweden_power_lakehouse.solar_produces_at_night"
[0m11:47:00.082144 [debug] [Thread-5 (]: Using databricks connection "test.sweden_power_lakehouse.solar_produces_at_night"
[0m11:47:00.083656 [debug] [Thread-5 (]: On test.sweden_power_lakehouse.solar_produces_at_night: /* {"app": "dbt", "dbt_version": "1.12.3", "dbt_databricks_version": "1.12.5", "databricks_sql_connector_version": "4.4.0", "profile_name": "sweden_power_lakehouse", "target_name": "dev", "invocation_id": "86f36605-ba7e-4c69-b5ed-2c3dc52521cf", "node_id": "test.sweden_power_lakehouse.solar_produces_at_night"} */

    
    select
      count(*) as failures,
      count(*) != 0 as should_warn,
      count(*) != 0 as should_error
    from (
      
    
  

with hourly as (

    select
        area,
        hour(ts) as hour_of_day,
        value_mwh
    from `workspace`.`silver`.`production_hourly`
    where category = 'solar'

),

night_vs_noon as (

    select
        area,
        avg(case when hour_of_day in (0, 1, 2, 23) then value_mwh end) as night_avg,
        avg(case when hour_of_day = 12 then value_mwh end)             as noon_avg
    from hourly
    group by area

)

select
    area,
    night_avg,
    noon_avg,
    round(night_avg / noon_avg, 4) as night_share
from night_vs_noon
where noon_avg > 0
  and night_avg / noon_avg > 0.02
  
  
      
    ) dbt_internal_test
[0m11:47:00.084585 [debug] [Thread-5 (]: Opening a new connection, currently in state init
[0m11:47:00.141172 [debug] [Thread-3 (]: Databricks adapter: Connection(session-id=01f1b27c-b9cf-1e97-9597-73606105c8d3) - Created
[0m11:47:00.423739 [debug] [Thread-6 (]: SQL status: OK in 1.510 seconds
[0m11:47:00.426716 [debug] [Thread-6 (]: Databricks adapter: Cursor(session-id=01f1b27c-b96f-1674-9f07-3f760b54a55a, command-id=01f1b27c-b98a-1449-b92a-9af9fbc1aa5b) - Closing
[0m11:47:00.427782 [debug] [Thread-6 (]: On test.sweden_power_lakehouse.not_null_production_hourly_value_mwh.93c26a886b: Close
[0m11:47:00.428379 [debug] [Thread-6 (]: Databricks adapter: Connection(session-id=01f1b27c-b96f-1674-9f07-3f760b54a55a) - Closing
[0m11:47:00.603669 [info ] [Thread-6 (]: 14 of 35 PASS not_null_production_hourly_value_mwh ............................. [[32mPASS[0m in 1.71s]
[0m11:47:00.608039 [debug] [Thread-6 (]: Finished running node test.sweden_power_lakehouse.not_null_production_hourly_value_mwh.93c26a886b
[0m11:47:00.715829 [debug] [Thread-5 (]: Databricks adapter: Connection(session-id=01f1b27c-ba27-10a9-9469-2545c3f7ae09) - Created
[0m11:47:01.419837 [debug] [Thread-3 (]: SQL status: OK in 1.890 seconds
[0m11:47:01.422827 [debug] [Thread-3 (]: Databricks adapter: Cursor(session-id=01f1b27c-b9cf-1e97-9597-73606105c8d3, command-id=01f1b27c-b9e8-1f26-8b9a-db53986ddbcc) - Closing
[0m11:47:01.423876 [debug] [Thread-3 (]: On test.sweden_power_lakehouse.relationships_production_hourly_category__category__ref_category_mapping_.50c984e9c3: Close
[0m11:47:01.424424 [debug] [Thread-3 (]: Databricks adapter: Connection(session-id=01f1b27c-b9cf-1e97-9597-73606105c8d3) - Closing
[0m11:47:01.619023 [info ] [Thread-3 (]: 15 of 35 PASS relationships_production_hourly_category__category__ref_category_mapping_  [[32mPASS[0m in 2.13s]
[0m11:47:01.620666 [debug] [Thread-3 (]: Finished running node test.sweden_power_lakehouse.relationships_production_hourly_category__category__ref_category_mapping_.50c984e9c3
[0m11:47:01.907799 [debug] [Thread-5 (]: SQL status: OK in 1.820 seconds
[0m11:47:01.910714 [debug] [Thread-5 (]: Databricks adapter: Cursor(session-id=01f1b27c-ba27-10a9-9469-2545c3f7ae09, command-id=01f1b27c-ba40-1152-89a4-c9dafe3c9a3b) - Closing
[0m11:47:01.911697 [debug] [Thread-5 (]: On test.sweden_power_lakehouse.solar_produces_at_night: Close
[0m11:47:01.912418 [debug] [Thread-5 (]: Databricks adapter: Connection(session-id=01f1b27c-ba27-10a9-9469-2545c3f7ae09) - Closing
[0m11:47:02.100382 [info ] [Thread-5 (]: 16 of 35 PASS solar_produces_at_night .......................................... [[32mPASS[0m in 2.04s]
[0m11:47:02.102132 [debug] [Thread-5 (]: Finished running node test.sweden_power_lakehouse.solar_produces_at_night
[0m11:47:02.104086 [debug] [Thread-4 (]: Began running node model.sweden_power_lakehouse.excluded_months
[0m11:47:02.104907 [debug] [Thread-6 (]: Began running node model.sweden_power_lakehouse.hourly_profile
[0m11:47:02.105798 [debug] [Thread-3 (]: Began running node model.sweden_power_lakehouse.production_monthly
[0m11:47:02.107278 [info ] [Thread-4 (]: 17 of 35 START sql table model gold.excluded_months ............................ [RUN]
[0m11:47:02.110965 [debug] [Thread-4 (]: Databricks adapter: DatabricksDBTConnection(session-id=None, name=model.sweden_power_lakehouse.excluded_months) - Creating connection
[0m11:47:02.112059 [debug] [Thread-4 (]: Acquiring new databricks connection 'model.sweden_power_lakehouse.excluded_months'
[0m11:47:02.109720 [info ] [Thread-3 (]: 19 of 35 START sql table model gold.production_monthly ......................... [RUN]
[0m11:47:02.113437 [debug] [Thread-4 (]: Began compiling node model.sweden_power_lakehouse.excluded_months
[0m11:47:02.108323 [info ] [Thread-6 (]: 18 of 35 START sql table model gold.hourly_profile ............................. [RUN]
[0m11:47:02.116073 [debug] [Thread-3 (]: Databricks adapter: DatabricksDBTConnection(session-id=None, name=model.sweden_power_lakehouse.production_monthly) - Creating connection
[0m11:47:02.120186 [debug] [Thread-4 (]: Writing injected SQL for node "model.sweden_power_lakehouse.excluded_months"
[0m11:47:02.122152 [debug] [Thread-6 (]: Databricks adapter: DatabricksDBTConnection(session-id=None, name=model.sweden_power_lakehouse.hourly_profile) - Creating connection
[0m11:47:02.123764 [debug] [Thread-6 (]: Acquiring new databricks connection 'model.sweden_power_lakehouse.hourly_profile'
[0m11:47:02.124517 [debug] [Thread-6 (]: Began compiling node model.sweden_power_lakehouse.hourly_profile
[0m11:47:02.122882 [debug] [Thread-3 (]: Acquiring new databricks connection 'model.sweden_power_lakehouse.production_monthly'
[0m11:47:02.129925 [debug] [Thread-6 (]: Writing injected SQL for node "model.sweden_power_lakehouse.hourly_profile"
[0m11:47:02.130739 [debug] [Thread-3 (]: Began compiling node model.sweden_power_lakehouse.production_monthly
[0m11:47:02.135204 [debug] [Thread-3 (]: Writing injected SQL for node "model.sweden_power_lakehouse.production_monthly"
[0m11:47:02.136427 [debug] [Thread-4 (]: Began executing node model.sweden_power_lakehouse.excluded_months
[0m11:47:02.140015 [debug] [Thread-6 (]: Began executing node model.sweden_power_lakehouse.hourly_profile
[0m11:47:02.143394 [debug] [Thread-6 (]: MATERIALIZING TABLE
[0m11:47:02.146387 [debug] [Thread-6 (]: Using databricks connection "model.sweden_power_lakehouse.hourly_profile"
[0m11:47:02.152461 [debug] [Thread-6 (]: On model.sweden_power_lakehouse.hourly_profile: /* {"app": "dbt", "dbt_version": "1.12.3", "dbt_databricks_version": "1.12.5", "databricks_sql_connector_version": "4.4.0", "profile_name": "sweden_power_lakehouse", "target_name": "dev", "invocation_id": "86f36605-ba7e-4c69-b5ed-2c3dc52521cf", "node_id": "model.sweden_power_lakehouse.hourly_profile"} */
SELECT
    table_catalog,
    table_schema,
    table_name,
    filter_name,
    target_columns
  FROM `workspace`.`information_schema`.`row_filters`
  WHERE table_catalog = 'workspace'
    AND table_schema = 'gold'
    AND table_name = 'hourly_profile'
[0m11:47:02.154006 [debug] [Thread-6 (]: Opening a new connection, currently in state init
[0m11:47:02.151462 [debug] [Thread-4 (]: MATERIALIZING TABLE
[0m11:47:02.156360 [debug] [Thread-4 (]: Using databricks connection "model.sweden_power_lakehouse.excluded_months"
[0m11:47:02.153293 [debug] [Thread-3 (]: Began executing node model.sweden_power_lakehouse.production_monthly
[0m11:47:02.159506 [debug] [Thread-3 (]: MATERIALIZING TABLE
[0m11:47:02.157096 [debug] [Thread-4 (]: On model.sweden_power_lakehouse.excluded_months: /* {"app": "dbt", "dbt_version": "1.12.3", "dbt_databricks_version": "1.12.5", "databricks_sql_connector_version": "4.4.0", "profile_name": "sweden_power_lakehouse", "target_name": "dev", "invocation_id": "86f36605-ba7e-4c69-b5ed-2c3dc52521cf", "node_id": "model.sweden_power_lakehouse.excluded_months"} */
SELECT
    table_catalog,
    table_schema,
    table_name,
    filter_name,
    target_columns
  FROM `workspace`.`information_schema`.`row_filters`
  WHERE table_catalog = 'workspace'
    AND table_schema = 'gold'
    AND table_name = 'excluded_months'
[0m11:47:02.162724 [debug] [Thread-4 (]: Opening a new connection, currently in state init
[0m11:47:02.161775 [debug] [Thread-3 (]: Using databricks connection "model.sweden_power_lakehouse.production_monthly"
[0m11:47:02.163798 [debug] [Thread-3 (]: On model.sweden_power_lakehouse.production_monthly: /* {"app": "dbt", "dbt_version": "1.12.3", "dbt_databricks_version": "1.12.5", "databricks_sql_connector_version": "4.4.0", "profile_name": "sweden_power_lakehouse", "target_name": "dev", "invocation_id": "86f36605-ba7e-4c69-b5ed-2c3dc52521cf", "node_id": "model.sweden_power_lakehouse.production_monthly"} */
SELECT
    table_catalog,
    table_schema,
    table_name,
    filter_name,
    target_columns
  FROM `workspace`.`information_schema`.`row_filters`
  WHERE table_catalog = 'workspace'
    AND table_schema = 'gold'
    AND table_name = 'production_monthly'
[0m11:47:02.164639 [debug] [Thread-3 (]: Opening a new connection, currently in state init
[0m11:47:02.874069 [debug] [Thread-3 (]: Databricks adapter: Connection(session-id=01f1b27c-bb6a-1e98-912d-ce3094f31e86) - Created
[0m11:47:02.882075 [debug] [Thread-4 (]: Databricks adapter: Connection(session-id=01f1b27c-bb6e-1ba5-aa17-fb0ca2f87f19) - Created
[0m11:47:02.883114 [debug] [Thread-6 (]: Databricks adapter: Connection(session-id=01f1b27c-bb6e-1138-be5b-a2bd38a0c196) - Created
[0m11:47:03.514187 [debug] [Thread-4 (]: SQL status: OK in 1.350 seconds
[0m11:47:03.517308 [debug] [Thread-4 (]: Databricks adapter: Cursor(session-id=01f1b27c-bb6e-1ba5-aa17-fb0ca2f87f19, command-id=01f1b27c-bb8b-1c6f-8466-53ee85fce655) - Closing
[0m11:47:03.519103 [debug] [Thread-4 (]: Writing runtime sql for node "model.sweden_power_lakehouse.excluded_months"
[0m11:47:03.521772 [debug] [Thread-4 (]: Using databricks connection "model.sweden_power_lakehouse.excluded_months"
[0m11:47:03.522566 [debug] [Thread-4 (]: On model.sweden_power_lakehouse.excluded_months: /* {"app": "dbt", "dbt_version": "1.12.3", "dbt_databricks_version": "1.12.5", "databricks_sql_connector_version": "4.4.0", "profile_name": "sweden_power_lakehouse", "target_name": "dev", "invocation_id": "86f36605-ba7e-4c69-b5ed-2c3dc52521cf", "node_id": "model.sweden_power_lakehouse.excluded_months"} */

  
    
        create or replace table `workspace`.`gold`.`excluded_months`
      
      
    using delta
  
      
      
      
      
      
      
      
      
      as
      select
    area,
    category,
    month,
    count(*)                            as hours_present,
    dayofmonth(last_day(month)) * 24    as hours_expected
from `workspace`.`silver`.`production_hourly`
group by area, category, month
having count(*) != dayofmonth(last_day(month)) * 24
  
[0m11:47:03.564996 [debug] [Thread-3 (]: SQL status: OK in 1.400 seconds
[0m11:47:03.568113 [debug] [Thread-3 (]: Databricks adapter: Cursor(session-id=01f1b27c-bb6a-1e98-912d-ce3094f31e86, command-id=01f1b27c-bb89-1980-990f-9bd752494ee7) - Closing
[0m11:47:03.569848 [debug] [Thread-3 (]: Writing runtime sql for node "model.sweden_power_lakehouse.production_monthly"
[0m11:47:03.571337 [debug] [Thread-3 (]: Using databricks connection "model.sweden_power_lakehouse.production_monthly"
[0m11:47:03.572147 [debug] [Thread-3 (]: On model.sweden_power_lakehouse.production_monthly: /* {"app": "dbt", "dbt_version": "1.12.3", "dbt_databricks_version": "1.12.5", "databricks_sql_connector_version": "4.4.0", "profile_name": "sweden_power_lakehouse", "target_name": "dev", "invocation_id": "86f36605-ba7e-4c69-b5ed-2c3dc52521cf", "node_id": "model.sweden_power_lakehouse.production_monthly"} */

  
    
        create or replace table `workspace`.`gold`.`production_monthly`
      
      
    using delta
  
      
      
      
      
      
      
      
      
      as
      with per_month as (

    select
        area,
        category,
        month,
        sum(value_mwh)                      as value_mwh,
        count(*)                            as hours_present,
        dayofmonth(last_day(month)) * 24    as hours_expected
    from `workspace`.`silver`.`production_hourly`
    group by area, category, month

),

mimer as (

    select
        'mimer' as source,
        area,
        category,
        month,
        value_mwh
    from per_month
    where hours_present = hours_expected

),

scb as (

    select
        'scb' as source,
        area,
        category,
        month,
        value_mwh
    from `workspace`.`silver`.`production_monthly`
    where measure = 'production'
      and availability = 'reported'

)

select * from mimer
union all
select * from scb
  
[0m11:47:03.598861 [debug] [Thread-6 (]: SQL status: OK in 1.440 seconds
[0m11:47:03.602073 [debug] [Thread-6 (]: Databricks adapter: Cursor(session-id=01f1b27c-bb6e-1138-be5b-a2bd38a0c196, command-id=01f1b27c-bb8b-17ba-93b6-2a1799cae9a4) - Closing
[0m11:47:03.603824 [debug] [Thread-6 (]: Writing runtime sql for node "model.sweden_power_lakehouse.hourly_profile"
[0m11:47:03.638822 [debug] [Thread-6 (]: Using databricks connection "model.sweden_power_lakehouse.hourly_profile"
[0m11:47:03.640275 [debug] [Thread-6 (]: On model.sweden_power_lakehouse.hourly_profile: /* {"app": "dbt", "dbt_version": "1.12.3", "dbt_databricks_version": "1.12.5", "databricks_sql_connector_version": "4.4.0", "profile_name": "sweden_power_lakehouse", "target_name": "dev", "invocation_id": "86f36605-ba7e-4c69-b5ed-2c3dc52521cf", "node_id": "model.sweden_power_lakehouse.hourly_profile"} */

  
    
        create or replace table `workspace`.`gold`.`hourly_profile`
      
      
    using delta
  
      
      
      
      
      
      
      
      
      as
      select
    area,
    category,
    year(ts)                                        as year,
    hour(ts)                                        as hour_of_day,
    round(avg(value_mwh), 1)                        as avg_mwh,
    round(percentile_approx(value_mwh, 0.5), 1)     as median_mwh,
    round(min(value_mwh), 1)                        as min_mwh,
    round(max(value_mwh), 1)                        as max_mwh,
    count(*)                                        as observations
from `workspace`.`silver`.`production_hourly`
group by area, category, year(ts), hour(ts)
  
[0m11:47:07.432578 [debug] [Thread-4 (]: SQL status: OK in 3.910 seconds
[0m11:47:07.434154 [debug] [Thread-4 (]: Databricks adapter: Cursor(session-id=01f1b27c-bb6e-1ba5-aa17-fb0ca2f87f19, command-id=01f1b27c-bbec-182d-8433-5af77c397317) - Closing
[0m11:47:07.435629 [debug] [Thread-4 (]: Applying tags to relation None
[0m11:47:07.438898 [debug] [Thread-4 (]: On model.sweden_power_lakehouse.excluded_months: Close
[0m11:47:07.439564 [debug] [Thread-4 (]: Databricks adapter: Connection(session-id=01f1b27c-bb6e-1ba5-aa17-fb0ca2f87f19) - Closing
[0m11:47:07.621548 [debug] [Thread-4 (]: Sending event: {'category': 'dbt', 'action': 'run_model', 'label': '86f36605-ba7e-4c69-b5ed-2c3dc52521cf', 'context': [<snowplow_tracker.self_describing_json.SelfDescribingJson object at 0x00000214C30A52D0>]}
[0m11:47:07.622855 [info ] [Thread-4 (]: 17 of 35 OK created sql table model gold.excluded_months ....................... [[32mOK[0m in 5.51s]
[0m11:47:07.624515 [debug] [Thread-4 (]: Finished running node model.sweden_power_lakehouse.excluded_months
[0m11:47:08.592924 [debug] [Thread-6 (]: SQL status: OK in 4.950 seconds
[0m11:47:08.594512 [debug] [Thread-6 (]: Databricks adapter: Cursor(session-id=01f1b27c-bb6e-1138-be5b-a2bd38a0c196, command-id=01f1b27c-bbfe-17b5-9b54-deee8a7a6689) - Closing
[0m11:47:08.595950 [debug] [Thread-6 (]: Applying tags to relation None
[0m11:47:08.598113 [debug] [Thread-6 (]: On model.sweden_power_lakehouse.hourly_profile: Close
[0m11:47:08.598766 [debug] [Thread-6 (]: Databricks adapter: Connection(session-id=01f1b27c-bb6e-1138-be5b-a2bd38a0c196) - Closing
[0m11:47:08.733164 [debug] [Thread-3 (]: SQL status: OK in 5.160 seconds
[0m11:47:08.734749 [debug] [Thread-3 (]: Databricks adapter: Cursor(session-id=01f1b27c-bb6a-1e98-912d-ce3094f31e86, command-id=01f1b27c-bbf4-10f3-ac21-c3d93fee348a) - Closing
[0m11:47:08.736248 [debug] [Thread-3 (]: Applying tags to relation None
[0m11:47:08.845554 [debug] [Thread-3 (]: On model.sweden_power_lakehouse.production_monthly: Close
[0m11:47:08.846235 [debug] [Thread-3 (]: Databricks adapter: Connection(session-id=01f1b27c-bb6a-1e98-912d-ce3094f31e86) - Closing
[0m11:47:09.033862 [debug] [Thread-6 (]: Sending event: {'category': 'dbt', 'action': 'run_model', 'label': '86f36605-ba7e-4c69-b5ed-2c3dc52521cf', 'context': [<snowplow_tracker.self_describing_json.SelfDescribingJson object at 0x00000214C2DA6CF0>]}
[0m11:47:09.034540 [debug] [Thread-3 (]: Sending event: {'category': 'dbt', 'action': 'run_model', 'label': '86f36605-ba7e-4c69-b5ed-2c3dc52521cf', 'context': [<snowplow_tracker.self_describing_json.SelfDescribingJson object at 0x00000214C2B7CD00>]}
[0m11:47:09.035693 [info ] [Thread-6 (]: 18 of 35 OK created sql table model gold.hourly_profile ........................ [[32mOK[0m in 6.91s]
[0m11:47:09.038310 [debug] [Thread-6 (]: Finished running node model.sweden_power_lakehouse.hourly_profile
[0m11:47:09.036910 [info ] [Thread-3 (]: 19 of 35 OK created sql table model gold.production_monthly .................... [[32mOK[0m in 6.92s]
[0m11:47:09.040312 [debug] [Thread-3 (]: Finished running node model.sweden_power_lakehouse.production_monthly
[0m11:47:09.041947 [debug] [Thread-4 (]: Began running node test.sweden_power_lakehouse.not_null_hourly_profile_hour_of_day.eb0a31e2cb
[0m11:47:09.044155 [debug] [Thread-5 (]: Began running node test.sweden_power_lakehouse.accepted_values_hourly_profile_hour_of_day__False__0__1__2__3__4__5__6__7__8__9__10__11__12__13__14__15__16__17__18__19__20__21__22__23.c574909dff
[0m11:47:09.043093 [info ] [Thread-4 (]: 21 of 35 START test not_null_hourly_profile_hour_of_day ........................ [RUN]
[0m11:47:09.045513 [debug] [Thread-6 (]: Began running node test.sweden_power_lakehouse.accepted_values_production_monthly_source__mimer__scb.61c7e3ee68
[0m11:47:09.047237 [debug] [Thread-3 (]: Began running node test.sweden_power_lakehouse.dbt_utils_unique_combination_of_columns_production_monthly_source__area__category__month.1a8eeb2bf6
[0m11:47:09.046362 [info ] [Thread-5 (]: 20 of 35 START test accepted_values_hourly_profile_hour_of_day__False__0__1__2__3__4__5__6__7__8__9__10__11__12__13__14__15__16__17__18__19__20__21__22__23  [RUN]
[0m11:47:09.049089 [debug] [Thread-4 (]: Databricks adapter: DatabricksDBTConnection(session-id=None, name=test.sweden_power_lakehouse.not_null_hourly_profile_hour_of_day.eb0a31e2cb) - Creating connection
[0m11:47:09.050762 [info ] [Thread-6 (]: 22 of 35 START test accepted_values_production_monthly_source__mimer__scb ...... [RUN]
[0m11:47:09.053457 [debug] [Thread-5 (]: Databricks adapter: DatabricksDBTConnection(session-id=None, name=test.sweden_power_lakehouse.accepted_values_hourly_profile_hour_of_day__False__0__1__2__3__4__5__6__7__8__9__10__11__12__13__14__15__16__17__18__19__20__21__22__23.c574909dff) - Creating connection
[0m11:47:09.051571 [info ] [Thread-3 (]: 23 of 35 START test dbt_utils_unique_combination_of_columns_production_monthly_source__area__category__month  [RUN]
[0m11:47:09.054867 [debug] [Thread-4 (]: Acquiring new databricks connection 'test.sweden_power_lakehouse.not_null_hourly_profile_hour_of_day.eb0a31e2cb'
[0m11:47:09.056160 [debug] [Thread-6 (]: Databricks adapter: DatabricksDBTConnection(session-id=None, name=test.sweden_power_lakehouse.accepted_values_production_monthly_source__mimer__scb.61c7e3ee68) - Creating connection
[0m11:47:09.057251 [debug] [Thread-5 (]: Acquiring new databricks connection 'test.sweden_power_lakehouse.accepted_values_hourly_profile_hour_of_day__False__0__1__2__3__4__5__6__7__8__9__10__11__12__13__14__15__16__17__18__19__20__21__22__23.c574909dff'
[0m11:47:09.059545 [debug] [Thread-3 (]: Databricks adapter: DatabricksDBTConnection(session-id=None, name=test.sweden_power_lakehouse.dbt_utils_unique_combination_of_columns_production_monthly_source__area__category__month.1a8eeb2bf6) - Creating connection
[0m11:47:09.060841 [debug] [Thread-4 (]: Began compiling node test.sweden_power_lakehouse.not_null_hourly_profile_hour_of_day.eb0a31e2cb
[0m11:47:09.061534 [debug] [Thread-6 (]: Acquiring new databricks connection 'test.sweden_power_lakehouse.accepted_values_production_monthly_source__mimer__scb.61c7e3ee68'
[0m11:47:09.062180 [debug] [Thread-5 (]: Began compiling node test.sweden_power_lakehouse.accepted_values_hourly_profile_hour_of_day__False__0__1__2__3__4__5__6__7__8__9__10__11__12__13__14__15__16__17__18__19__20__21__22__23.c574909dff
[0m11:47:09.062917 [debug] [Thread-3 (]: Acquiring new databricks connection 'test.sweden_power_lakehouse.dbt_utils_unique_combination_of_columns_production_monthly_source__area__category__month.1a8eeb2bf6'
[0m11:47:09.080265 [debug] [Thread-4 (]: Writing injected SQL for node "test.sweden_power_lakehouse.not_null_hourly_profile_hour_of_day.eb0a31e2cb"
[0m11:47:09.081047 [debug] [Thread-6 (]: Began compiling node test.sweden_power_lakehouse.accepted_values_production_monthly_source__mimer__scb.61c7e3ee68
[0m11:47:09.097690 [debug] [Thread-5 (]: Writing injected SQL for node "test.sweden_power_lakehouse.accepted_values_hourly_profile_hour_of_day__False__0__1__2__3__4__5__6__7__8__9__10__11__12__13__14__15__16__17__18__19__20__21__22__23.c574909dff"
[0m11:47:09.098498 [debug] [Thread-3 (]: Began compiling node test.sweden_power_lakehouse.dbt_utils_unique_combination_of_columns_production_monthly_source__area__category__month.1a8eeb2bf6
[0m11:47:09.111794 [debug] [Thread-6 (]: Writing injected SQL for node "test.sweden_power_lakehouse.accepted_values_production_monthly_source__mimer__scb.61c7e3ee68"
[0m11:47:09.125309 [debug] [Thread-3 (]: Writing injected SQL for node "test.sweden_power_lakehouse.dbt_utils_unique_combination_of_columns_production_monthly_source__area__category__month.1a8eeb2bf6"
[0m11:47:09.127760 [debug] [Thread-4 (]: Began executing node test.sweden_power_lakehouse.not_null_hourly_profile_hour_of_day.eb0a31e2cb
[0m11:47:09.131319 [debug] [Thread-4 (]: Writing runtime sql for node "test.sweden_power_lakehouse.not_null_hourly_profile_hour_of_day.eb0a31e2cb"
[0m11:47:09.132272 [debug] [Thread-5 (]: Began executing node test.sweden_power_lakehouse.accepted_values_hourly_profile_hour_of_day__False__0__1__2__3__4__5__6__7__8__9__10__11__12__13__14__15__16__17__18__19__20__21__22__23.c574909dff
[0m11:47:09.135607 [debug] [Thread-5 (]: Writing runtime sql for node "test.sweden_power_lakehouse.accepted_values_hourly_profile_hour_of_day__False__0__1__2__3__4__5__6__7__8__9__10__11__12__13__14__15__16__17__18__19__20__21__22__23.c574909dff"
[0m11:47:09.136788 [debug] [Thread-3 (]: Began executing node test.sweden_power_lakehouse.dbt_utils_unique_combination_of_columns_production_monthly_source__area__category__month.1a8eeb2bf6
[0m11:47:09.141364 [debug] [Thread-3 (]: Writing runtime sql for node "test.sweden_power_lakehouse.dbt_utils_unique_combination_of_columns_production_monthly_source__area__category__month.1a8eeb2bf6"
[0m11:47:09.138023 [debug] [Thread-6 (]: Began executing node test.sweden_power_lakehouse.accepted_values_production_monthly_source__mimer__scb.61c7e3ee68
[0m11:47:09.144692 [debug] [Thread-6 (]: Writing runtime sql for node "test.sweden_power_lakehouse.accepted_values_production_monthly_source__mimer__scb.61c7e3ee68"
[0m11:47:09.146423 [debug] [Thread-3 (]: Using databricks connection "test.sweden_power_lakehouse.dbt_utils_unique_combination_of_columns_production_monthly_source__area__category__month.1a8eeb2bf6"
[0m11:47:09.147512 [debug] [Thread-4 (]: Using databricks connection "test.sweden_power_lakehouse.not_null_hourly_profile_hour_of_day.eb0a31e2cb"
[0m11:47:09.149020 [debug] [Thread-4 (]: On test.sweden_power_lakehouse.not_null_hourly_profile_hour_of_day.eb0a31e2cb: /* {"app": "dbt", "dbt_version": "1.12.3", "dbt_databricks_version": "1.12.5", "databricks_sql_connector_version": "4.4.0", "profile_name": "sweden_power_lakehouse", "target_name": "dev", "invocation_id": "86f36605-ba7e-4c69-b5ed-2c3dc52521cf", "node_id": "test.sweden_power_lakehouse.not_null_hourly_profile_hour_of_day.eb0a31e2cb"} */

    
    select
      count(*) as failures,
      count(*) != 0 as should_warn,
      count(*) != 0 as should_error
    from (
      
    
  
    
    



select hour_of_day
from `workspace`.`gold`.`hourly_profile`
where hour_of_day is null



  
  
      
    ) dbt_internal_test
[0m11:47:09.149828 [debug] [Thread-4 (]: Opening a new connection, currently in state init
[0m11:47:09.150292 [debug] [Thread-3 (]: On test.sweden_power_lakehouse.dbt_utils_unique_combination_of_columns_production_monthly_source__area__category__month.1a8eeb2bf6: /* {"app": "dbt", "dbt_version": "1.12.3", "dbt_databricks_version": "1.12.5", "databricks_sql_connector_version": "4.4.0", "profile_name": "sweden_power_lakehouse", "target_name": "dev", "invocation_id": "86f36605-ba7e-4c69-b5ed-2c3dc52521cf", "node_id": "test.sweden_power_lakehouse.dbt_utils_unique_combination_of_columns_production_monthly_source__area__category__month.1a8eeb2bf6"} */

    
    select
      count(*) as failures,
      count(*) != 0 as should_warn,
      count(*) != 0 as should_error
    from (
      
    
  





with validation_errors as (

    select
        source, area, category, month
    from `workspace`.`gold`.`production_monthly`
    group by source, area, category, month
    having count(*) > 1

)

select *
from validation_errors



  
  
      
    ) dbt_internal_test
[0m11:47:09.151587 [debug] [Thread-3 (]: Opening a new connection, currently in state init
[0m11:47:09.152606 [debug] [Thread-6 (]: Using databricks connection "test.sweden_power_lakehouse.accepted_values_production_monthly_source__mimer__scb.61c7e3ee68"
[0m11:47:09.153786 [debug] [Thread-6 (]: On test.sweden_power_lakehouse.accepted_values_production_monthly_source__mimer__scb.61c7e3ee68: /* {"app": "dbt", "dbt_version": "1.12.3", "dbt_databricks_version": "1.12.5", "databricks_sql_connector_version": "4.4.0", "profile_name": "sweden_power_lakehouse", "target_name": "dev", "invocation_id": "86f36605-ba7e-4c69-b5ed-2c3dc52521cf", "node_id": "test.sweden_power_lakehouse.accepted_values_production_monthly_source__mimer__scb.61c7e3ee68"} */

    
    select
      count(*) as failures,
      count(*) != 0 as should_warn,
      count(*) != 0 as should_error
    from (
      
    
  
    
    

with all_values as (

    select
        source as value_field,
        count(*) as n_records

    from `workspace`.`gold`.`production_monthly`
    group by source

)

select *
from all_values
where value_field not in (
    'mimer','scb'
)



  
  
      
    ) dbt_internal_test
[0m11:47:09.154750 [debug] [Thread-6 (]: Opening a new connection, currently in state init
[0m11:47:09.155489 [debug] [Thread-5 (]: Using databricks connection "test.sweden_power_lakehouse.accepted_values_hourly_profile_hour_of_day__False__0__1__2__3__4__5__6__7__8__9__10__11__12__13__14__15__16__17__18__19__20__21__22__23.c574909dff"
[0m11:47:09.157148 [debug] [Thread-5 (]: On test.sweden_power_lakehouse.accepted_values_hourly_profile_hour_of_day__False__0__1__2__3__4__5__6__7__8__9__10__11__12__13__14__15__16__17__18__19__20__21__22__23.c574909dff: /* {"app": "dbt", "dbt_version": "1.12.3", "dbt_databricks_version": "1.12.5", "databricks_sql_connector_version": "4.4.0", "profile_name": "sweden_power_lakehouse", "target_name": "dev", "invocation_id": "86f36605-ba7e-4c69-b5ed-2c3dc52521cf", "node_id": "test.sweden_power_lakehouse.accepted_values_hourly_profile_hour_of_day__False__0__1__2__3__4__5__6__7__8__9__10__11__12__13__14__15__16__17__18__19__20__21__22__23.c574909dff"} */

    
    select
      count(*) as failures,
      count(*) != 0 as should_warn,
      count(*) != 0 as should_error
    from (
      
    
  
    
    

with all_values as (

    select
        hour_of_day as value_field,
        count(*) as n_records

    from `workspace`.`gold`.`hourly_profile`
    group by hour_of_day

)

select *
from all_values
where value_field not in (
    0,1,2,3,4,5,6,7,8,9,10,11,12,13,14,15,16,17,18,19,20,21,22,23
)



  
  
      
    ) dbt_internal_test
[0m11:47:09.158063 [debug] [Thread-5 (]: Opening a new connection, currently in state init
[0m11:47:09.193958 [debug] [Thread-5 (]: Databricks adapter: Default tags: Query tag value for key '@@dbt_model_name' exceeds 128 characters (135 chars). Truncating to 128 characters.
[0m11:47:09.850050 [debug] [Thread-4 (]: Databricks adapter: Connection(session-id=01f1b27c-bf96-1425-ab9e-b40c6b8ad541) - Created
[0m11:47:09.888213 [debug] [Thread-3 (]: Databricks adapter: Connection(session-id=01f1b27c-bf9f-110d-ba4a-b4cf6dcfc11d) - Created
[0m11:47:09.931550 [debug] [Thread-6 (]: Databricks adapter: Connection(session-id=01f1b27c-bfa6-12fc-a110-b986c32d4633) - Created
[0m11:47:09.933039 [debug] [Thread-5 (]: Databricks adapter: Connection(session-id=01f1b27c-bfa6-131d-be10-d7369242be53) - Created
[0m11:47:10.672007 [debug] [Thread-4 (]: SQL status: OK in 1.520 seconds
[0m11:47:10.675089 [debug] [Thread-4 (]: Databricks adapter: Cursor(session-id=01f1b27c-bf96-1425-ab9e-b40c6b8ad541, command-id=01f1b27c-bfb2-1728-8422-6d0eb4789b94) - Closing
[0m11:47:10.676162 [debug] [Thread-4 (]: On test.sweden_power_lakehouse.not_null_hourly_profile_hour_of_day.eb0a31e2cb: Close
[0m11:47:10.676724 [debug] [Thread-4 (]: Databricks adapter: Connection(session-id=01f1b27c-bf96-1425-ab9e-b40c6b8ad541) - Closing
[0m11:47:10.864249 [info ] [Thread-4 (]: 21 of 35 PASS not_null_hourly_profile_hour_of_day .............................. [[32mPASS[0m in 1.82s]
[0m11:47:10.865631 [debug] [Thread-4 (]: Finished running node test.sweden_power_lakehouse.not_null_hourly_profile_hour_of_day.eb0a31e2cb
[0m11:47:10.866542 [debug] [Thread-4 (]: Began running node test.sweden_power_lakehouse.energy_balance_silver_to_gold
[0m11:47:10.867689 [info ] [Thread-4 (]: 24 of 35 START test energy_balance_silver_to_gold .............................. [RUN]
[0m11:47:10.869147 [debug] [Thread-4 (]: Databricks adapter: DatabricksDBTConnection(session-id=None, name=test.sweden_power_lakehouse.energy_balance_silver_to_gold) - Creating connection
[0m11:47:10.870098 [debug] [Thread-4 (]: Acquiring new databricks connection 'test.sweden_power_lakehouse.energy_balance_silver_to_gold'
[0m11:47:10.870816 [debug] [Thread-4 (]: Began compiling node test.sweden_power_lakehouse.energy_balance_silver_to_gold
[0m11:47:10.874701 [debug] [Thread-4 (]: Writing injected SQL for node "test.sweden_power_lakehouse.energy_balance_silver_to_gold"
[0m11:47:10.878163 [debug] [Thread-4 (]: Began executing node test.sweden_power_lakehouse.energy_balance_silver_to_gold
[0m11:47:10.881865 [debug] [Thread-4 (]: Writing runtime sql for node "test.sweden_power_lakehouse.energy_balance_silver_to_gold"
[0m11:47:10.883474 [debug] [Thread-4 (]: Using databricks connection "test.sweden_power_lakehouse.energy_balance_silver_to_gold"
[0m11:47:10.884728 [debug] [Thread-4 (]: On test.sweden_power_lakehouse.energy_balance_silver_to_gold: /* {"app": "dbt", "dbt_version": "1.12.3", "dbt_databricks_version": "1.12.5", "databricks_sql_connector_version": "4.4.0", "profile_name": "sweden_power_lakehouse", "target_name": "dev", "invocation_id": "86f36605-ba7e-4c69-b5ed-2c3dc52521cf", "node_id": "test.sweden_power_lakehouse.energy_balance_silver_to_gold"} */

    
    select
      count(*) as failures,
      count(*) != 0 as should_warn,
      count(*) != 0 as should_error
    from (
      
    
  

with silver_total as (

    select sum(value_mwh) as total_mwh
    from (
        select area, category, month, sum(value_mwh) as value_mwh,
               count(*) as hours_present,
               dayofmonth(last_day(month)) * 24 as hours_expected
        from `workspace`.`silver`.`production_hourly`
        group by area, category, month
    )
    where hours_present = hours_expected

),

gold_total as (

    select sum(value_mwh) as total_mwh
    from `workspace`.`gold`.`production_monthly`
    where source = 'mimer'

)

select
    s.total_mwh as silver_mwh,
    g.total_mwh as gold_mwh,
    s.total_mwh - g.total_mwh as lost_mwh
from silver_total s
cross join gold_total g
where abs(s.total_mwh - g.total_mwh) > 1
  
  
      
    ) dbt_internal_test
[0m11:47:10.886912 [debug] [Thread-4 (]: Opening a new connection, currently in state init
[0m11:47:11.277272 [debug] [Thread-3 (]: SQL status: OK in 2.130 seconds
[0m11:47:11.280356 [debug] [Thread-3 (]: Databricks adapter: Cursor(session-id=01f1b27c-bf9f-110d-ba4a-b4cf6dcfc11d, command-id=01f1b27c-bfb8-1168-a4e1-c5adae2484f1) - Closing
[0m11:47:11.281329 [debug] [Thread-3 (]: On test.sweden_power_lakehouse.dbt_utils_unique_combination_of_columns_production_monthly_source__area__category__month.1a8eeb2bf6: Close
[0m11:47:11.281873 [debug] [Thread-3 (]: Databricks adapter: Connection(session-id=01f1b27c-bf9f-110d-ba4a-b4cf6dcfc11d) - Closing
[0m11:47:11.429578 [debug] [Thread-5 (]: SQL status: OK in 2.270 seconds
[0m11:47:11.432718 [debug] [Thread-5 (]: Databricks adapter: Cursor(session-id=01f1b27c-bfa6-131d-be10-d7369242be53, command-id=01f1b27c-bfc1-12db-ab4e-da34d09f82b7) - Closing
[0m11:47:11.462842 [debug] [Thread-5 (]: On test.sweden_power_lakehouse.accepted_values_hourly_profile_hour_of_day__False__0__1__2__3__4__5__6__7__8__9__10__11__12__13__14__15__16__17__18__19__20__21__22__23.c574909dff: Close
[0m11:47:11.463515 [debug] [Thread-5 (]: Databricks adapter: Connection(session-id=01f1b27c-bfa6-131d-be10-d7369242be53) - Closing
[0m11:47:11.519889 [debug] [Thread-4 (]: Databricks adapter: Connection(session-id=01f1b27c-c093-1f7c-9e03-87196299afdc) - Created
[0m11:47:11.581360 [debug] [Thread-6 (]: SQL status: OK in 2.430 seconds
[0m11:47:11.584139 [debug] [Thread-6 (]: Databricks adapter: Cursor(session-id=01f1b27c-bfa6-12fc-a110-b986c32d4633, command-id=01f1b27c-bfc0-1174-ba33-72898863ec92) - Closing
[0m11:47:11.636793 [debug] [Thread-6 (]: On test.sweden_power_lakehouse.accepted_values_production_monthly_source__mimer__scb.61c7e3ee68: Close
[0m11:47:11.637874 [debug] [Thread-6 (]: Databricks adapter: Connection(session-id=01f1b27c-bfa6-12fc-a110-b986c32d4633) - Closing
[0m11:47:11.636043 [info ] [Thread-3 (]: 23 of 35 PASS dbt_utils_unique_combination_of_columns_production_monthly_source__area__category__month  [[32mPASS[0m in 2.58s]
[0m11:47:11.639865 [debug] [Thread-3 (]: Finished running node test.sweden_power_lakehouse.dbt_utils_unique_combination_of_columns_production_monthly_source__area__category__month.1a8eeb2bf6
[0m11:47:11.640810 [debug] [Thread-3 (]: Began running node test.sweden_power_lakehouse.not_null_production_monthly_area.ee97c15a36
[0m11:47:11.642499 [info ] [Thread-3 (]: 25 of 35 START test not_null_production_monthly_area ........................... [RUN]
[0m11:47:11.838744 [debug] [Thread-3 (]: Databricks adapter: DatabricksDBTConnection(session-id=None, name=test.sweden_power_lakehouse.not_null_production_monthly_area.ee97c15a36) - Creating connection
[0m11:47:11.840752 [debug] [Thread-3 (]: Acquiring new databricks connection 'test.sweden_power_lakehouse.not_null_production_monthly_area.ee97c15a36'
[0m11:47:11.837854 [info ] [Thread-5 (]: 20 of 35 PASS accepted_values_hourly_profile_hour_of_day__False__0__1__2__3__4__5__6__7__8__9__10__11__12__13__14__15__16__17__18__19__20__21__22__23  [[32mPASS[0m in 2.79s]
[0m11:47:11.839908 [info ] [Thread-6 (]: 22 of 35 PASS accepted_values_production_monthly_source__mimer__scb ............ [[32mPASS[0m in 2.78s]
[0m11:47:11.842091 [debug] [Thread-3 (]: Began compiling node test.sweden_power_lakehouse.not_null_production_monthly_area.ee97c15a36
[0m11:47:11.843822 [debug] [Thread-5 (]: Finished running node test.sweden_power_lakehouse.accepted_values_hourly_profile_hour_of_day__False__0__1__2__3__4__5__6__7__8__9__10__11__12__13__14__15__16__17__18__19__20__21__22__23.c574909dff
[0m11:47:11.845420 [debug] [Thread-6 (]: Finished running node test.sweden_power_lakehouse.accepted_values_production_monthly_source__mimer__scb.61c7e3ee68
[0m11:47:11.862602 [debug] [Thread-6 (]: Began running node test.sweden_power_lakehouse.not_null_production_monthly_month.128fcaedc9
[0m11:47:11.861790 [debug] [Thread-5 (]: Began running node test.sweden_power_lakehouse.not_null_production_monthly_category.28d1bac3fe
[0m11:47:11.860964 [debug] [Thread-3 (]: Writing injected SQL for node "test.sweden_power_lakehouse.not_null_production_monthly_area.ee97c15a36"
[0m11:47:11.863328 [info ] [Thread-6 (]: 27 of 35 START test not_null_production_monthly_month .......................... [RUN]
[0m11:47:11.865768 [debug] [Thread-6 (]: Databricks adapter: DatabricksDBTConnection(session-id=None, name=test.sweden_power_lakehouse.not_null_production_monthly_month.128fcaedc9) - Creating connection
[0m11:47:11.864075 [info ] [Thread-5 (]: 26 of 35 START test not_null_production_monthly_category ....................... [RUN]
[0m11:47:11.868734 [debug] [Thread-5 (]: Databricks adapter: DatabricksDBTConnection(session-id=None, name=test.sweden_power_lakehouse.not_null_production_monthly_category.28d1bac3fe) - Creating connection
[0m11:47:11.866979 [debug] [Thread-6 (]: Acquiring new databricks connection 'test.sweden_power_lakehouse.not_null_production_monthly_month.128fcaedc9'
[0m11:47:11.869665 [debug] [Thread-5 (]: Acquiring new databricks connection 'test.sweden_power_lakehouse.not_null_production_monthly_category.28d1bac3fe'
[0m11:47:11.870639 [debug] [Thread-3 (]: Began executing node test.sweden_power_lakehouse.not_null_production_monthly_area.ee97c15a36
[0m11:47:11.871563 [debug] [Thread-6 (]: Began compiling node test.sweden_power_lakehouse.not_null_production_monthly_month.128fcaedc9
[0m11:47:11.872795 [debug] [Thread-5 (]: Began compiling node test.sweden_power_lakehouse.not_null_production_monthly_category.28d1bac3fe
[0m11:47:11.876888 [debug] [Thread-3 (]: Writing runtime sql for node "test.sweden_power_lakehouse.not_null_production_monthly_area.ee97c15a36"
[0m11:47:11.891753 [debug] [Thread-6 (]: Writing injected SQL for node "test.sweden_power_lakehouse.not_null_production_monthly_month.128fcaedc9"
[0m11:47:11.903969 [debug] [Thread-5 (]: Writing injected SQL for node "test.sweden_power_lakehouse.not_null_production_monthly_category.28d1bac3fe"
[0m11:47:11.905844 [debug] [Thread-3 (]: Using databricks connection "test.sweden_power_lakehouse.not_null_production_monthly_area.ee97c15a36"
[0m11:47:11.906789 [debug] [Thread-3 (]: On test.sweden_power_lakehouse.not_null_production_monthly_area.ee97c15a36: /* {"app": "dbt", "dbt_version": "1.12.3", "dbt_databricks_version": "1.12.5", "databricks_sql_connector_version": "4.4.0", "profile_name": "sweden_power_lakehouse", "target_name": "dev", "invocation_id": "86f36605-ba7e-4c69-b5ed-2c3dc52521cf", "node_id": "test.sweden_power_lakehouse.not_null_production_monthly_area.ee97c15a36"} */

    
    select
      count(*) as failures,
      count(*) != 0 as should_warn,
      count(*) != 0 as should_error
    from (
      
    
  
    
    



select area
from `workspace`.`gold`.`production_monthly`
where area is null



  
  
      
    ) dbt_internal_test
[0m11:47:11.907529 [debug] [Thread-3 (]: Opening a new connection, currently in state init
[0m11:47:11.908752 [debug] [Thread-6 (]: Began executing node test.sweden_power_lakehouse.not_null_production_monthly_month.128fcaedc9
[0m11:47:11.912339 [debug] [Thread-6 (]: Writing runtime sql for node "test.sweden_power_lakehouse.not_null_production_monthly_month.128fcaedc9"
[0m11:47:11.909736 [debug] [Thread-5 (]: Began executing node test.sweden_power_lakehouse.not_null_production_monthly_category.28d1bac3fe
[0m11:47:11.915553 [debug] [Thread-5 (]: Writing runtime sql for node "test.sweden_power_lakehouse.not_null_production_monthly_category.28d1bac3fe"
[0m11:47:11.916792 [debug] [Thread-6 (]: Using databricks connection "test.sweden_power_lakehouse.not_null_production_monthly_month.128fcaedc9"
[0m11:47:11.917935 [debug] [Thread-6 (]: On test.sweden_power_lakehouse.not_null_production_monthly_month.128fcaedc9: /* {"app": "dbt", "dbt_version": "1.12.3", "dbt_databricks_version": "1.12.5", "databricks_sql_connector_version": "4.4.0", "profile_name": "sweden_power_lakehouse", "target_name": "dev", "invocation_id": "86f36605-ba7e-4c69-b5ed-2c3dc52521cf", "node_id": "test.sweden_power_lakehouse.not_null_production_monthly_month.128fcaedc9"} */

    
    select
      count(*) as failures,
      count(*) != 0 as should_warn,
      count(*) != 0 as should_error
    from (
      
    
  
    
    



select month
from `workspace`.`gold`.`production_monthly`
where month is null



  
  
      
    ) dbt_internal_test
[0m11:47:11.918775 [debug] [Thread-6 (]: Opening a new connection, currently in state init
[0m11:47:11.931072 [debug] [Thread-5 (]: Using databricks connection "test.sweden_power_lakehouse.not_null_production_monthly_category.28d1bac3fe"
[0m11:47:11.936351 [debug] [Thread-5 (]: On test.sweden_power_lakehouse.not_null_production_monthly_category.28d1bac3fe: /* {"app": "dbt", "dbt_version": "1.12.3", "dbt_databricks_version": "1.12.5", "databricks_sql_connector_version": "4.4.0", "profile_name": "sweden_power_lakehouse", "target_name": "dev", "invocation_id": "86f36605-ba7e-4c69-b5ed-2c3dc52521cf", "node_id": "test.sweden_power_lakehouse.not_null_production_monthly_category.28d1bac3fe"} */

    
    select
      count(*) as failures,
      count(*) != 0 as should_warn,
      count(*) != 0 as should_error
    from (
      
    
  
    
    



select category
from `workspace`.`gold`.`production_monthly`
where category is null



  
  
      
    ) dbt_internal_test
[0m11:47:11.937285 [debug] [Thread-5 (]: Opening a new connection, currently in state init
[0m11:47:12.576268 [debug] [Thread-6 (]: Databricks adapter: Connection(session-id=01f1b27c-c13a-1b73-b1d9-4807d02684d1) - Created
[0m11:47:12.578394 [debug] [Thread-3 (]: Databricks adapter: Connection(session-id=01f1b27c-c13b-168b-8219-98a8aa41b576) - Created
[0m11:47:12.625531 [debug] [Thread-5 (]: Databricks adapter: Connection(session-id=01f1b27c-c13e-1f22-8a7c-e571c7d39791) - Created
[0m11:47:12.664131 [debug] [Thread-4 (]: SQL status: OK in 1.780 seconds
[0m11:47:12.667317 [debug] [Thread-4 (]: Databricks adapter: Cursor(session-id=01f1b27c-c093-1f7c-9e03-87196299afdc, command-id=01f1b27c-c0b1-15d7-a015-bee8de4a553c) - Closing
[0m11:47:12.668285 [debug] [Thread-4 (]: On test.sweden_power_lakehouse.energy_balance_silver_to_gold: Close
[0m11:47:12.668820 [debug] [Thread-4 (]: Databricks adapter: Connection(session-id=01f1b27c-c093-1f7c-9e03-87196299afdc) - Closing
[0m11:47:12.860127 [info ] [Thread-4 (]: 24 of 35 PASS energy_balance_silver_to_gold .................................... [[32mPASS[0m in 1.99s]
[0m11:47:12.861517 [debug] [Thread-4 (]: Finished running node test.sweden_power_lakehouse.energy_balance_silver_to_gold
[0m11:47:12.862357 [debug] [Thread-4 (]: Began running node test.sweden_power_lakehouse.not_null_production_monthly_source.5007941278
[0m11:47:12.863200 [info ] [Thread-4 (]: 28 of 35 START test not_null_production_monthly_source ......................... [RUN]
[0m11:47:12.864553 [debug] [Thread-4 (]: Databricks adapter: DatabricksDBTConnection(session-id=None, name=test.sweden_power_lakehouse.not_null_production_monthly_source.5007941278) - Creating connection
[0m11:47:12.865291 [debug] [Thread-4 (]: Acquiring new databricks connection 'test.sweden_power_lakehouse.not_null_production_monthly_source.5007941278'
[0m11:47:12.866233 [debug] [Thread-4 (]: Began compiling node test.sweden_power_lakehouse.not_null_production_monthly_source.5007941278
[0m11:47:12.909463 [debug] [Thread-4 (]: Writing injected SQL for node "test.sweden_power_lakehouse.not_null_production_monthly_source.5007941278"
[0m11:47:12.911219 [debug] [Thread-4 (]: Began executing node test.sweden_power_lakehouse.not_null_production_monthly_source.5007941278
[0m11:47:12.913758 [debug] [Thread-4 (]: Writing runtime sql for node "test.sweden_power_lakehouse.not_null_production_monthly_source.5007941278"
[0m11:47:12.916152 [debug] [Thread-4 (]: Using databricks connection "test.sweden_power_lakehouse.not_null_production_monthly_source.5007941278"
[0m11:47:12.917141 [debug] [Thread-4 (]: On test.sweden_power_lakehouse.not_null_production_monthly_source.5007941278: /* {"app": "dbt", "dbt_version": "1.12.3", "dbt_databricks_version": "1.12.5", "databricks_sql_connector_version": "4.4.0", "profile_name": "sweden_power_lakehouse", "target_name": "dev", "invocation_id": "86f36605-ba7e-4c69-b5ed-2c3dc52521cf", "node_id": "test.sweden_power_lakehouse.not_null_production_monthly_source.5007941278"} */

    
    select
      count(*) as failures,
      count(*) != 0 as should_warn,
      count(*) != 0 as should_error
    from (
      
    
  
    
    



select source
from `workspace`.`gold`.`production_monthly`
where source is null



  
  
      
    ) dbt_internal_test
[0m11:47:12.917879 [debug] [Thread-4 (]: Opening a new connection, currently in state init
[0m11:47:13.515189 [debug] [Thread-4 (]: Databricks adapter: Connection(session-id=01f1b27c-c1c7-1d98-a00c-dfecaee2edea) - Created
[0m11:47:13.613020 [debug] [Thread-6 (]: SQL status: OK in 1.690 seconds
[0m11:47:13.615826 [debug] [Thread-6 (]: Databricks adapter: Cursor(session-id=01f1b27c-c13a-1b73-b1d9-4807d02684d1, command-id=01f1b27c-c152-12b6-95ef-99ae0c1c68bf) - Closing
[0m11:47:13.616784 [debug] [Thread-6 (]: On test.sweden_power_lakehouse.not_null_production_monthly_month.128fcaedc9: Close
[0m11:47:13.617317 [debug] [Thread-6 (]: Databricks adapter: Connection(session-id=01f1b27c-c13a-1b73-b1d9-4807d02684d1) - Closing
[0m11:47:13.777972 [debug] [Thread-3 (]: SQL status: OK in 1.870 seconds
[0m11:47:13.780739 [debug] [Thread-3 (]: Databricks adapter: Cursor(session-id=01f1b27c-c13b-168b-8219-98a8aa41b576, command-id=01f1b27c-c153-14ac-aa3c-7d842b5e2f00) - Closing
[0m11:47:13.806140 [debug] [Thread-3 (]: On test.sweden_power_lakehouse.not_null_production_monthly_area.ee97c15a36: Close
[0m11:47:13.806838 [debug] [Thread-3 (]: Databricks adapter: Connection(session-id=01f1b27c-c13b-168b-8219-98a8aa41b576) - Closing
[0m11:47:13.933436 [debug] [Thread-5 (]: SQL status: OK in 2.000 seconds
[0m11:47:13.936334 [debug] [Thread-5 (]: Databricks adapter: Cursor(session-id=01f1b27c-c13e-1f22-8a7c-e571c7d39791, command-id=01f1b27c-c15a-145d-b875-7d92c8c12863) - Closing
[0m11:47:13.996343 [debug] [Thread-5 (]: On test.sweden_power_lakehouse.not_null_production_monthly_category.28d1bac3fe: Close
[0m11:47:13.997536 [debug] [Thread-5 (]: Databricks adapter: Connection(session-id=01f1b27c-c13e-1f22-8a7c-e571c7d39791) - Closing
[0m11:47:13.995677 [info ] [Thread-6 (]: 27 of 35 PASS not_null_production_monthly_month ................................ [[32mPASS[0m in 2.13s]
[0m11:47:13.999469 [debug] [Thread-6 (]: Finished running node test.sweden_power_lakehouse.not_null_production_monthly_month.128fcaedc9
[0m11:47:14.000330 [debug] [Thread-6 (]: Began running node test.sweden_power_lakehouse.not_null_production_monthly_value_mwh.0d6d2d1dc8
[0m11:47:14.001580 [info ] [Thread-6 (]: 29 of 35 START test not_null_production_monthly_value_mwh ...................... [RUN]
[0m11:47:14.205028 [debug] [Thread-6 (]: Databricks adapter: DatabricksDBTConnection(session-id=None, name=test.sweden_power_lakehouse.not_null_production_monthly_value_mwh.0d6d2d1dc8) - Creating connection
[0m11:47:14.206890 [debug] [Thread-6 (]: Acquiring new databricks connection 'test.sweden_power_lakehouse.not_null_production_monthly_value_mwh.0d6d2d1dc8'
[0m11:47:14.207749 [debug] [Thread-6 (]: Began compiling node test.sweden_power_lakehouse.not_null_production_monthly_value_mwh.0d6d2d1dc8
[0m11:47:14.204305 [info ] [Thread-3 (]: 25 of 35 PASS not_null_production_monthly_area ................................. [[32mPASS[0m in 2.56s]
[0m11:47:14.205974 [info ] [Thread-5 (]: 26 of 35 PASS not_null_production_monthly_category ............................. [[32mPASS[0m in 2.34s]
[0m11:47:14.223178 [debug] [Thread-6 (]: Writing injected SQL for node "test.sweden_power_lakehouse.not_null_production_monthly_value_mwh.0d6d2d1dc8"
[0m11:47:14.224200 [debug] [Thread-3 (]: Finished running node test.sweden_power_lakehouse.not_null_production_monthly_area.ee97c15a36
[0m11:47:14.225151 [debug] [Thread-5 (]: Finished running node test.sweden_power_lakehouse.not_null_production_monthly_category.28d1bac3fe
[0m11:47:14.227077 [debug] [Thread-6 (]: Began executing node test.sweden_power_lakehouse.not_null_production_monthly_value_mwh.0d6d2d1dc8
[0m11:47:14.229870 [debug] [Thread-6 (]: Writing runtime sql for node "test.sweden_power_lakehouse.not_null_production_monthly_value_mwh.0d6d2d1dc8"
[0m11:47:14.231656 [debug] [Thread-6 (]: Using databricks connection "test.sweden_power_lakehouse.not_null_production_monthly_value_mwh.0d6d2d1dc8"
[0m11:47:14.234008 [debug] [Thread-6 (]: On test.sweden_power_lakehouse.not_null_production_monthly_value_mwh.0d6d2d1dc8: /* {"app": "dbt", "dbt_version": "1.12.3", "dbt_databricks_version": "1.12.5", "databricks_sql_connector_version": "4.4.0", "profile_name": "sweden_power_lakehouse", "target_name": "dev", "invocation_id": "86f36605-ba7e-4c69-b5ed-2c3dc52521cf", "node_id": "test.sweden_power_lakehouse.not_null_production_monthly_value_mwh.0d6d2d1dc8"} */

    
    select
      count(*) as failures,
      count(*) != 0 as should_warn,
      count(*) != 0 as should_error
    from (
      
    
  
    
    



select value_mwh
from `workspace`.`gold`.`production_monthly`
where value_mwh is null



  
  
      
    ) dbt_internal_test
[0m11:47:14.234656 [debug] [Thread-6 (]: Opening a new connection, currently in state init
[0m11:47:14.599457 [debug] [Thread-4 (]: SQL status: OK in 1.680 seconds
[0m11:47:14.602415 [debug] [Thread-4 (]: Databricks adapter: Cursor(session-id=01f1b27c-c1c7-1d98-a00c-dfecaee2edea, command-id=01f1b27c-c1e1-17ed-a4f6-9ec0bff5244c) - Closing
[0m11:47:14.603577 [debug] [Thread-4 (]: On test.sweden_power_lakehouse.not_null_production_monthly_source.5007941278: Close
[0m11:47:14.604273 [debug] [Thread-4 (]: Databricks adapter: Connection(session-id=01f1b27c-c1c7-1d98-a00c-dfecaee2edea) - Closing
[0m11:47:14.813791 [info ] [Thread-4 (]: 28 of 35 PASS not_null_production_monthly_source ............................... [[32mPASS[0m in 1.95s]
[0m11:47:14.815183 [debug] [Thread-4 (]: Finished running node test.sweden_power_lakehouse.not_null_production_monthly_source.5007941278
[0m11:47:14.846783 [debug] [Thread-6 (]: Databricks adapter: Connection(session-id=01f1b27c-c292-119c-bafd-0ddb5cf74392) - Created
[0m11:47:15.444408 [debug] [Thread-6 (]: SQL status: OK in 1.210 seconds
[0m11:47:15.447272 [debug] [Thread-6 (]: Databricks adapter: Cursor(session-id=01f1b27c-c292-119c-bafd-0ddb5cf74392, command-id=01f1b27c-c2ad-195a-ae26-35c45e492f27) - Closing
[0m11:47:15.448234 [debug] [Thread-6 (]: On test.sweden_power_lakehouse.not_null_production_monthly_value_mwh.0d6d2d1dc8: Close
[0m11:47:15.448769 [debug] [Thread-6 (]: Databricks adapter: Connection(session-id=01f1b27c-c292-119c-bafd-0ddb5cf74392) - Closing
[0m11:47:15.633378 [info ] [Thread-6 (]: 29 of 35 PASS not_null_production_monthly_value_mwh ............................ [[32mPASS[0m in 1.63s]
[0m11:47:15.634980 [debug] [Thread-6 (]: Finished running node test.sweden_power_lakehouse.not_null_production_monthly_value_mwh.0d6d2d1dc8
[0m11:47:15.636955 [debug] [Thread-3 (]: Began running node model.sweden_power_lakehouse.source_reconciliation
[0m11:47:15.638230 [info ] [Thread-3 (]: 30 of 35 START sql table model gold.source_reconciliation ...................... [RUN]
[0m11:47:15.640292 [debug] [Thread-3 (]: Databricks adapter: DatabricksDBTConnection(session-id=None, name=model.sweden_power_lakehouse.source_reconciliation) - Creating connection
[0m11:47:15.641120 [debug] [Thread-3 (]: Acquiring new databricks connection 'model.sweden_power_lakehouse.source_reconciliation'
[0m11:47:15.642019 [debug] [Thread-3 (]: Began compiling node model.sweden_power_lakehouse.source_reconciliation
[0m11:47:15.647161 [debug] [Thread-3 (]: Writing injected SQL for node "model.sweden_power_lakehouse.source_reconciliation"
[0m11:47:15.650953 [debug] [Thread-3 (]: Began executing node model.sweden_power_lakehouse.source_reconciliation
[0m11:47:15.653090 [debug] [Thread-3 (]: MATERIALIZING TABLE
[0m11:47:15.655149 [debug] [Thread-3 (]: Using databricks connection "model.sweden_power_lakehouse.source_reconciliation"
[0m11:47:15.655737 [debug] [Thread-3 (]: On model.sweden_power_lakehouse.source_reconciliation: /* {"app": "dbt", "dbt_version": "1.12.3", "dbt_databricks_version": "1.12.5", "databricks_sql_connector_version": "4.4.0", "profile_name": "sweden_power_lakehouse", "target_name": "dev", "invocation_id": "86f36605-ba7e-4c69-b5ed-2c3dc52521cf", "node_id": "model.sweden_power_lakehouse.source_reconciliation"} */
SELECT
    table_catalog,
    table_schema,
    table_name,
    filter_name,
    target_columns
  FROM `workspace`.`information_schema`.`row_filters`
  WHERE table_catalog = 'workspace'
    AND table_schema = 'gold'
    AND table_name = 'source_reconciliation'
[0m11:47:15.656257 [debug] [Thread-3 (]: Opening a new connection, currently in state init
[0m11:47:16.240852 [debug] [Thread-3 (]: Databricks adapter: Connection(session-id=01f1b27c-c366-1dfc-827d-ff0c4e0c92bf) - Created
[0m11:47:16.934744 [debug] [Thread-3 (]: SQL status: OK in 1.280 seconds
[0m11:47:16.937738 [debug] [Thread-3 (]: Databricks adapter: Cursor(session-id=01f1b27c-c366-1dfc-827d-ff0c4e0c92bf, command-id=01f1b27c-c381-1a0b-92cd-d6ff57e41ec7) - Closing
[0m11:47:16.939414 [debug] [Thread-3 (]: Writing runtime sql for node "model.sweden_power_lakehouse.source_reconciliation"
[0m11:47:16.940869 [debug] [Thread-3 (]: Using databricks connection "model.sweden_power_lakehouse.source_reconciliation"
[0m11:47:16.941698 [debug] [Thread-3 (]: On model.sweden_power_lakehouse.source_reconciliation: /* {"app": "dbt", "dbt_version": "1.12.3", "dbt_databricks_version": "1.12.5", "databricks_sql_connector_version": "4.4.0", "profile_name": "sweden_power_lakehouse", "target_name": "dev", "invocation_id": "86f36605-ba7e-4c69-b5ed-2c3dc52521cf", "node_id": "model.sweden_power_lakehouse.source_reconciliation"} */

  
    
        create or replace table `workspace`.`gold`.`source_reconciliation`
      
      
    using delta
  
      
      
      
      
      
      
      
      
      as
      with comparable_categories as (

    select distinct category
    from `workspace`.`silver`.`category_mapping`
    where comparable

),

wide as (

    select
        area,
        category,
        month,
        max(case when source = 'mimer' then value_mwh end) as mimer_mwh,
        max(case when source = 'scb'   then value_mwh end) as scb_mwh
    from `workspace`.`gold`.`production_monthly`
    where category in (select category from comparable_categories)
    group by area, category, month

)

select
    area,
    category,
    month,
    year(month)                                     as year,
    mimer_mwh,
    scb_mwh,
    mimer_mwh - scb_mwh                             as diff_mwh,
    abs(mimer_mwh - scb_mwh)                        as abs_diff_mwh,
    case
        when scb_mwh != 0
        then round((mimer_mwh - scb_mwh) / scb_mwh * 100, 2)
    end                                             as diff_pct,
    -- Inside SCB's own rounding there is no disagreement to explain.
    abs(mimer_mwh - scb_mwh) <= 500
                                                    as within_rounding
from wide
where mimer_mwh is not null
  and scb_mwh is not null
  
[0m11:47:20.728748 [debug] [Thread-3 (]: SQL status: OK in 3.790 seconds
[0m11:47:20.730356 [debug] [Thread-3 (]: Databricks adapter: Cursor(session-id=01f1b27c-c366-1dfc-827d-ff0c4e0c92bf, command-id=01f1b27c-c3ec-1697-9877-946e296193ce) - Closing
[0m11:47:20.731782 [debug] [Thread-3 (]: Applying tags to relation None
[0m11:47:20.734041 [debug] [Thread-3 (]: On model.sweden_power_lakehouse.source_reconciliation: Close
[0m11:47:20.734698 [debug] [Thread-3 (]: Databricks adapter: Connection(session-id=01f1b27c-c366-1dfc-827d-ff0c4e0c92bf) - Closing
[0m11:47:20.918960 [debug] [Thread-3 (]: Sending event: {'category': 'dbt', 'action': 'run_model', 'label': '86f36605-ba7e-4c69-b5ed-2c3dc52521cf', 'context': [<snowplow_tracker.self_describing_json.SelfDescribingJson object at 0x00000214C31B4DD0>]}
[0m11:47:20.920034 [info ] [Thread-3 (]: 30 of 35 OK created sql table model gold.source_reconciliation ................. [[32mOK[0m in 5.28s]
[0m11:47:20.921384 [debug] [Thread-3 (]: Finished running node model.sweden_power_lakehouse.source_reconciliation
[0m11:47:20.923432 [debug] [Thread-3 (]: Began running node test.sweden_power_lakehouse.not_null_source_reconciliation_scb_mwh.22dcb0c39f
[0m11:47:20.926469 [debug] [Thread-4 (]: Began running node test.sweden_power_lakehouse.not_null_source_reconciliation_diff_mwh.2de4475dfa
[0m11:47:20.924244 [debug] [Thread-5 (]: Began running node test.sweden_power_lakehouse.dbt_utils_unique_combination_of_columns_source_reconciliation_area__category__month.80f850821c
[0m11:47:20.925212 [info ] [Thread-3 (]: 34 of 35 START test not_null_source_reconciliation_scb_mwh ..................... [RUN]
[0m11:47:20.928991 [debug] [Thread-6 (]: Began running node test.sweden_power_lakehouse.not_null_source_reconciliation_mimer_mwh.1626bafa72
[0m11:47:20.927904 [info ] [Thread-4 (]: 32 of 35 START test not_null_source_reconciliation_diff_mwh .................... [RUN]
[0m11:47:20.930489 [info ] [Thread-5 (]: 31 of 35 START test dbt_utils_unique_combination_of_columns_source_reconciliation_area__category__month  [RUN]
[0m11:47:20.932969 [debug] [Thread-3 (]: Databricks adapter: DatabricksDBTConnection(session-id=None, name=test.sweden_power_lakehouse.not_null_source_reconciliation_scb_mwh.22dcb0c39f) - Creating connection
[0m11:47:20.935860 [debug] [Thread-4 (]: Databricks adapter: DatabricksDBTConnection(session-id=None, name=test.sweden_power_lakehouse.not_null_source_reconciliation_diff_mwh.2de4475dfa) - Creating connection
[0m11:47:20.934146 [info ] [Thread-6 (]: 33 of 35 START test not_null_source_reconciliation_mimer_mwh ................... [RUN]
[0m11:47:20.936976 [debug] [Thread-5 (]: Databricks adapter: DatabricksDBTConnection(session-id=None, name=test.sweden_power_lakehouse.dbt_utils_unique_combination_of_columns_source_reconciliation_area__category__month.80f850821c) - Creating connection
[0m11:47:20.937606 [debug] [Thread-3 (]: Acquiring new databricks connection 'test.sweden_power_lakehouse.not_null_source_reconciliation_scb_mwh.22dcb0c39f'
[0m11:47:20.938224 [debug] [Thread-4 (]: Acquiring new databricks connection 'test.sweden_power_lakehouse.not_null_source_reconciliation_diff_mwh.2de4475dfa'
[0m11:47:20.939197 [debug] [Thread-6 (]: Databricks adapter: DatabricksDBTConnection(session-id=None, name=test.sweden_power_lakehouse.not_null_source_reconciliation_mimer_mwh.1626bafa72) - Creating connection
[0m11:47:20.940052 [debug] [Thread-5 (]: Acquiring new databricks connection 'test.sweden_power_lakehouse.dbt_utils_unique_combination_of_columns_source_reconciliation_area__category__month.80f850821c'
[0m11:47:20.940950 [debug] [Thread-3 (]: Began compiling node test.sweden_power_lakehouse.not_null_source_reconciliation_scb_mwh.22dcb0c39f
[0m11:47:20.942111 [debug] [Thread-4 (]: Began compiling node test.sweden_power_lakehouse.not_null_source_reconciliation_diff_mwh.2de4475dfa
[0m11:47:20.944538 [debug] [Thread-6 (]: Acquiring new databricks connection 'test.sweden_power_lakehouse.not_null_source_reconciliation_mimer_mwh.1626bafa72'
[0m11:47:20.945320 [debug] [Thread-5 (]: Began compiling node test.sweden_power_lakehouse.dbt_utils_unique_combination_of_columns_source_reconciliation_area__category__month.80f850821c
[0m11:47:20.964495 [debug] [Thread-4 (]: Writing injected SQL for node "test.sweden_power_lakehouse.not_null_source_reconciliation_diff_mwh.2de4475dfa"
[0m11:47:20.966013 [debug] [Thread-6 (]: Began compiling node test.sweden_power_lakehouse.not_null_source_reconciliation_mimer_mwh.1626bafa72
[0m11:47:20.978952 [debug] [Thread-5 (]: Writing injected SQL for node "test.sweden_power_lakehouse.dbt_utils_unique_combination_of_columns_source_reconciliation_area__category__month.80f850821c"
[0m11:47:20.994081 [debug] [Thread-3 (]: Writing injected SQL for node "test.sweden_power_lakehouse.not_null_source_reconciliation_scb_mwh.22dcb0c39f"
[0m11:47:21.006174 [debug] [Thread-6 (]: Writing injected SQL for node "test.sweden_power_lakehouse.not_null_source_reconciliation_mimer_mwh.1626bafa72"
[0m11:47:21.008686 [debug] [Thread-4 (]: Began executing node test.sweden_power_lakehouse.not_null_source_reconciliation_diff_mwh.2de4475dfa
[0m11:47:21.011752 [debug] [Thread-4 (]: Writing runtime sql for node "test.sweden_power_lakehouse.not_null_source_reconciliation_diff_mwh.2de4475dfa"
[0m11:47:21.013103 [debug] [Thread-5 (]: Began executing node test.sweden_power_lakehouse.dbt_utils_unique_combination_of_columns_source_reconciliation_area__category__month.80f850821c
[0m11:47:21.018004 [debug] [Thread-5 (]: Writing runtime sql for node "test.sweden_power_lakehouse.dbt_utils_unique_combination_of_columns_source_reconciliation_area__category__month.80f850821c"
[0m11:47:21.015093 [debug] [Thread-3 (]: Began executing node test.sweden_power_lakehouse.not_null_source_reconciliation_scb_mwh.22dcb0c39f
[0m11:47:21.014322 [debug] [Thread-6 (]: Began executing node test.sweden_power_lakehouse.not_null_source_reconciliation_mimer_mwh.1626bafa72
[0m11:47:21.024574 [debug] [Thread-6 (]: Writing runtime sql for node "test.sweden_power_lakehouse.not_null_source_reconciliation_mimer_mwh.1626bafa72"
[0m11:47:21.022051 [debug] [Thread-4 (]: Using databricks connection "test.sweden_power_lakehouse.not_null_source_reconciliation_diff_mwh.2de4475dfa"
[0m11:47:21.021266 [debug] [Thread-3 (]: Writing runtime sql for node "test.sweden_power_lakehouse.not_null_source_reconciliation_scb_mwh.22dcb0c39f"
[0m11:47:21.026184 [debug] [Thread-4 (]: On test.sweden_power_lakehouse.not_null_source_reconciliation_diff_mwh.2de4475dfa: /* {"app": "dbt", "dbt_version": "1.12.3", "dbt_databricks_version": "1.12.5", "databricks_sql_connector_version": "4.4.0", "profile_name": "sweden_power_lakehouse", "target_name": "dev", "invocation_id": "86f36605-ba7e-4c69-b5ed-2c3dc52521cf", "node_id": "test.sweden_power_lakehouse.not_null_source_reconciliation_diff_mwh.2de4475dfa"} */

    
    select
      count(*) as failures,
      count(*) != 0 as should_warn,
      count(*) != 0 as should_error
    from (
      
    
  
    
    



select diff_mwh
from `workspace`.`gold`.`source_reconciliation`
where diff_mwh is null



  
  
      
    ) dbt_internal_test
[0m11:47:21.028598 [debug] [Thread-4 (]: Opening a new connection, currently in state init
[0m11:47:21.027695 [debug] [Thread-5 (]: Using databricks connection "test.sweden_power_lakehouse.dbt_utils_unique_combination_of_columns_source_reconciliation_area__category__month.80f850821c"
[0m11:47:21.030796 [debug] [Thread-5 (]: On test.sweden_power_lakehouse.dbt_utils_unique_combination_of_columns_source_reconciliation_area__category__month.80f850821c: /* {"app": "dbt", "dbt_version": "1.12.3", "dbt_databricks_version": "1.12.5", "databricks_sql_connector_version": "4.4.0", "profile_name": "sweden_power_lakehouse", "target_name": "dev", "invocation_id": "86f36605-ba7e-4c69-b5ed-2c3dc52521cf", "node_id": "test.sweden_power_lakehouse.dbt_utils_unique_combination_of_columns_source_reconciliation_area__category__month.80f850821c"} */

    
    select
      count(*) as failures,
      count(*) != 0 as should_warn,
      count(*) != 0 as should_error
    from (
      
    
  





with validation_errors as (

    select
        area, category, month
    from `workspace`.`gold`.`source_reconciliation`
    group by area, category, month
    having count(*) > 1

)

select *
from validation_errors



  
  
      
    ) dbt_internal_test
[0m11:47:21.029807 [debug] [Thread-6 (]: Using databricks connection "test.sweden_power_lakehouse.not_null_source_reconciliation_mimer_mwh.1626bafa72"
[0m11:47:21.031778 [debug] [Thread-5 (]: Opening a new connection, currently in state init
[0m11:47:21.032758 [debug] [Thread-3 (]: Using databricks connection "test.sweden_power_lakehouse.not_null_source_reconciliation_scb_mwh.22dcb0c39f"
[0m11:47:21.035308 [debug] [Thread-3 (]: On test.sweden_power_lakehouse.not_null_source_reconciliation_scb_mwh.22dcb0c39f: /* {"app": "dbt", "dbt_version": "1.12.3", "dbt_databricks_version": "1.12.5", "databricks_sql_connector_version": "4.4.0", "profile_name": "sweden_power_lakehouse", "target_name": "dev", "invocation_id": "86f36605-ba7e-4c69-b5ed-2c3dc52521cf", "node_id": "test.sweden_power_lakehouse.not_null_source_reconciliation_scb_mwh.22dcb0c39f"} */

    
    select
      count(*) as failures,
      count(*) != 0 as should_warn,
      count(*) != 0 as should_error
    from (
      
    
  
    
    



select scb_mwh
from `workspace`.`gold`.`source_reconciliation`
where scb_mwh is null



  
  
      
    ) dbt_internal_test
[0m11:47:21.034072 [debug] [Thread-6 (]: On test.sweden_power_lakehouse.not_null_source_reconciliation_mimer_mwh.1626bafa72: /* {"app": "dbt", "dbt_version": "1.12.3", "dbt_databricks_version": "1.12.5", "databricks_sql_connector_version": "4.4.0", "profile_name": "sweden_power_lakehouse", "target_name": "dev", "invocation_id": "86f36605-ba7e-4c69-b5ed-2c3dc52521cf", "node_id": "test.sweden_power_lakehouse.not_null_source_reconciliation_mimer_mwh.1626bafa72"} */

    
    select
      count(*) as failures,
      count(*) != 0 as should_warn,
      count(*) != 0 as should_error
    from (
      
    
  
    
    



select mimer_mwh
from `workspace`.`gold`.`source_reconciliation`
where mimer_mwh is null



  
  
      
    ) dbt_internal_test
[0m11:47:21.036860 [debug] [Thread-6 (]: Opening a new connection, currently in state init
[0m11:47:21.036141 [debug] [Thread-3 (]: Opening a new connection, currently in state init
[0m11:47:21.776272 [debug] [Thread-6 (]: Databricks adapter: Connection(session-id=01f1b27c-c6b2-1b87-b32f-26c529b052bf) - Created
[0m11:47:21.778548 [debug] [Thread-4 (]: Databricks adapter: Connection(session-id=01f1b27c-c6b4-1c40-b804-e5990dffa4eb) - Created
[0m11:47:21.776989 [debug] [Thread-5 (]: Databricks adapter: Connection(session-id=01f1b27c-c6b3-17c0-a5b4-a8e8bb7340df) - Created
[0m11:47:21.791428 [debug] [Thread-3 (]: Databricks adapter: Connection(session-id=01f1b27c-c6b6-1b02-bfb2-23039344e0b3) - Created
[0m11:47:22.682678 [debug] [Thread-3 (]: SQL status: OK in 1.650 seconds
[0m11:47:22.685664 [debug] [Thread-3 (]: Databricks adapter: Cursor(session-id=01f1b27c-c6b6-1b02-bfb2-23039344e0b3, command-id=01f1b27c-c6d1-1203-826a-65e21f7e3b39) - Closing
[0m11:47:22.686636 [debug] [Thread-3 (]: On test.sweden_power_lakehouse.not_null_source_reconciliation_scb_mwh.22dcb0c39f: Close
[0m11:47:22.687170 [debug] [Thread-3 (]: Databricks adapter: Connection(session-id=01f1b27c-c6b6-1b02-bfb2-23039344e0b3) - Closing
[0m11:47:22.749322 [debug] [Thread-6 (]: SQL status: OK in 1.710 seconds
[0m11:47:22.752068 [debug] [Thread-6 (]: Databricks adapter: Cursor(session-id=01f1b27c-c6b2-1b87-b32f-26c529b052bf, command-id=01f1b27c-c6ce-163e-86f4-96c103c96df4) - Closing
[0m11:47:22.775915 [debug] [Thread-4 (]: SQL status: OK in 1.750 seconds
[0m11:47:22.779119 [debug] [Thread-4 (]: Databricks adapter: Cursor(session-id=01f1b27c-c6b4-1c40-b804-e5990dffa4eb, command-id=01f1b27c-c6cd-1f35-8fa5-a892a95170c7) - Closing
[0m11:47:22.871873 [debug] [Thread-6 (]: On test.sweden_power_lakehouse.not_null_source_reconciliation_mimer_mwh.1626bafa72: Close
[0m11:47:22.872678 [debug] [Thread-6 (]: Databricks adapter: Connection(session-id=01f1b27c-c6b2-1b87-b32f-26c529b052bf) - Closing
[0m11:47:22.907084 [debug] [Thread-5 (]: SQL status: OK in 1.880 seconds
[0m11:47:22.910132 [debug] [Thread-5 (]: Databricks adapter: Cursor(session-id=01f1b27c-c6b3-17c0-a5b4-a8e8bb7340df, command-id=01f1b27c-c6ce-18cb-b373-ed9595666488) - Closing
[0m11:47:23.071561 [debug] [Thread-4 (]: On test.sweden_power_lakehouse.not_null_source_reconciliation_diff_mwh.2de4475dfa: Close
[0m11:47:23.072259 [debug] [Thread-4 (]: Databricks adapter: Connection(session-id=01f1b27c-c6b4-1c40-b804-e5990dffa4eb) - Closing
[0m11:47:23.250478 [debug] [Thread-5 (]: On test.sweden_power_lakehouse.dbt_utils_unique_combination_of_columns_source_reconciliation_area__category__month.80f850821c: Close
[0m11:47:23.251538 [debug] [Thread-5 (]: Databricks adapter: Connection(session-id=01f1b27c-c6b3-17c0-a5b4-a8e8bb7340df) - Closing
[0m11:47:23.249803 [info ] [Thread-3 (]: 34 of 35 PASS not_null_source_reconciliation_scb_mwh ........................... [[32mPASS[0m in 2.32s]
[0m11:47:23.253529 [debug] [Thread-3 (]: Finished running node test.sweden_power_lakehouse.not_null_source_reconciliation_scb_mwh.22dcb0c39f
[0m11:47:23.254414 [debug] [Thread-3 (]: Began running node test.sweden_power_lakehouse.not_null_source_reconciliation_within_rounding.9aec02a9a0
[0m11:47:23.256288 [info ] [Thread-3 (]: 35 of 35 START test not_null_source_reconciliation_within_rounding ............. [RUN]
[0m11:47:23.428644 [debug] [Thread-3 (]: Databricks adapter: DatabricksDBTConnection(session-id=None, name=test.sweden_power_lakehouse.not_null_source_reconciliation_within_rounding.9aec02a9a0) - Creating connection
[0m11:47:23.430808 [debug] [Thread-3 (]: Acquiring new databricks connection 'test.sweden_power_lakehouse.not_null_source_reconciliation_within_rounding.9aec02a9a0'
[0m11:47:23.427118 [info ] [Thread-6 (]: 33 of 35 PASS not_null_source_reconciliation_mimer_mwh ......................... [[32mPASS[0m in 2.49s]
[0m11:47:23.433325 [debug] [Thread-6 (]: Finished running node test.sweden_power_lakehouse.not_null_source_reconciliation_mimer_mwh.1626bafa72
[0m11:47:23.431639 [debug] [Thread-3 (]: Began compiling node test.sweden_power_lakehouse.not_null_source_reconciliation_within_rounding.9aec02a9a0
[0m11:47:23.429791 [info ] [Thread-5 (]: 31 of 35 PASS dbt_utils_unique_combination_of_columns_source_reconciliation_area__category__month  [[32mPASS[0m in 2.49s]
[0m11:47:23.427875 [info ] [Thread-4 (]: 32 of 35 PASS not_null_source_reconciliation_diff_mwh .......................... [[32mPASS[0m in 2.49s]
[0m11:47:23.451569 [debug] [Thread-3 (]: Writing injected SQL for node "test.sweden_power_lakehouse.not_null_source_reconciliation_within_rounding.9aec02a9a0"
[0m11:47:23.452532 [debug] [Thread-5 (]: Finished running node test.sweden_power_lakehouse.dbt_utils_unique_combination_of_columns_source_reconciliation_area__category__month.80f850821c
[0m11:47:23.453449 [debug] [Thread-4 (]: Finished running node test.sweden_power_lakehouse.not_null_source_reconciliation_diff_mwh.2de4475dfa
[0m11:47:23.456842 [debug] [Thread-3 (]: Began executing node test.sweden_power_lakehouse.not_null_source_reconciliation_within_rounding.9aec02a9a0
[0m11:47:23.461492 [debug] [Thread-3 (]: Writing runtime sql for node "test.sweden_power_lakehouse.not_null_source_reconciliation_within_rounding.9aec02a9a0"
[0m11:47:23.550070 [debug] [Thread-3 (]: Using databricks connection "test.sweden_power_lakehouse.not_null_source_reconciliation_within_rounding.9aec02a9a0"
[0m11:47:23.550857 [debug] [Thread-3 (]: On test.sweden_power_lakehouse.not_null_source_reconciliation_within_rounding.9aec02a9a0: /* {"app": "dbt", "dbt_version": "1.12.3", "dbt_databricks_version": "1.12.5", "databricks_sql_connector_version": "4.4.0", "profile_name": "sweden_power_lakehouse", "target_name": "dev", "invocation_id": "86f36605-ba7e-4c69-b5ed-2c3dc52521cf", "node_id": "test.sweden_power_lakehouse.not_null_source_reconciliation_within_rounding.9aec02a9a0"} */

    
    select
      count(*) as failures,
      count(*) != 0 as should_warn,
      count(*) != 0 as should_error
    from (
      
    
  
    
    



select within_rounding
from `workspace`.`gold`.`source_reconciliation`
where within_rounding is null



  
  
      
    ) dbt_internal_test
[0m11:47:23.551496 [debug] [Thread-3 (]: Opening a new connection, currently in state init
[0m11:47:24.138554 [debug] [Thread-3 (]: Databricks adapter: Connection(session-id=01f1b27c-c81b-1bdf-a6d8-4da78e235551) - Created
[0m11:47:24.684011 [debug] [Thread-3 (]: SQL status: OK in 1.130 seconds
[0m11:47:24.687109 [debug] [Thread-3 (]: Databricks adapter: Cursor(session-id=01f1b27c-c81b-1bdf-a6d8-4da78e235551, command-id=01f1b27c-c837-101c-b229-15c26493aaf6) - Closing
[0m11:47:24.688196 [debug] [Thread-3 (]: On test.sweden_power_lakehouse.not_null_source_reconciliation_within_rounding.9aec02a9a0: Close
[0m11:47:24.688813 [debug] [Thread-3 (]: Databricks adapter: Connection(session-id=01f1b27c-c81b-1bdf-a6d8-4da78e235551) - Closing
[0m11:47:24.875099 [info ] [Thread-3 (]: 35 of 35 PASS not_null_source_reconciliation_within_rounding ................... [[32mPASS[0m in 1.62s]
[0m11:47:24.877114 [debug] [Thread-3 (]: Finished running node test.sweden_power_lakehouse.not_null_source_reconciliation_within_rounding.9aec02a9a0
[0m11:47:24.880942 [debug] [MainThread]: Databricks adapter: DatabricksDBTConnection(session-id=None, name=master) - Creating connection
[0m11:47:24.881949 [debug] [MainThread]: Acquiring new databricks connection 'master'
[0m11:47:24.883216 [info ] [MainThread]: 
[0m11:47:24.884160 [info ] [MainThread]: Finished running 1 seed, 5 table models, 29 data tests in 0 hours 0 minutes and 49.64 seconds (49.64s).
[0m11:47:24.895675 [debug] [MainThread]: Command end result
[0m11:47:25.015592 [debug] [MainThread]: Wrote artifact WritableManifest to C:\Users\Mirela\Desktop\sweden-power-lakehouse\dbt\target\manifest.json
[0m11:47:25.022100 [debug] [MainThread]: Wrote artifact SemanticManifest to C:\Users\Mirela\Desktop\sweden-power-lakehouse\dbt\target\semantic_manifest.json
[0m11:47:25.031762 [debug] [MainThread]: Wrote artifact OsiDocument to C:\Users\Mirela\Desktop\sweden-power-lakehouse\dbt\target\osi_document.json
[0m11:47:25.050052 [debug] [MainThread]: Wrote artifact RunExecutionResult to C:\Users\Mirela\Desktop\sweden-power-lakehouse\dbt\target\run_results.json
[0m11:47:25.051185 [info ] [MainThread]: 
[0m11:47:25.053201 [info ] [MainThread]: [32mCompleted successfully[0m
[0m11:47:25.054548 [info ] [MainThread]: 
[0m11:47:25.055800 [info ] [MainThread]: Done. PASS=35 WARN=0 ERROR=0 SKIP=0 NO-OP=0 REUSED=0 TOTAL=35
[0m11:47:25.058534 [warn ] [MainThread]: [[33mWARNING[0m][DeprecationsSummary]: Deprecated functionality
Summary of encountered deprecations:
- MissingArgumentsPropertyInGenericTestDeprecation: 10 occurrences
To see all deprecation instances instead of just the first occurrence of each,
run command again with the `--show-all-deprecations` flag. You may also need to
run with `--no-partial-parse` as some deprecations are only encountered during
parsing.
[0m11:47:25.061403 [debug] [MainThread]: Command `dbt build` succeeded at 11:47:25.060963 after 62.18 seconds
[0m11:47:25.062513 [debug] [MainThread]: Sending event: {'category': 'dbt', 'action': 'invocation', 'label': 'end', 'context': [<snowplow_tracker.self_describing_json.SelfDescribingJson object at 0x00000214B409AB10>, <snowplow_tracker.self_describing_json.SelfDescribingJson object at 0x00000214C30E33B0>, <snowplow_tracker.self_describing_json.SelfDescribingJson object at 0x00000214C326A930>]}
[0m11:47:25.063825 [debug] [MainThread]: Flushing usage events
[0m11:47:25.570748 [debug] [MainThread]: An error was encountered while trying to flush usage events
[0m11:48:02.842024 [debug] [MainThread]: Sending event: {'category': 'dbt', 'action': 'invocation', 'label': 'start', 'context': [<snowplow_tracker.self_describing_json.SelfDescribingJson object at 0x0000013529915FD0>, <snowplow_tracker.self_describing_json.SelfDescribingJson object at 0x00000135274ACB90>, <snowplow_tracker.self_describing_json.SelfDescribingJson object at 0x000001352C2C79D0>]}


============================== 11:48:02.849294 | cf570a92-b963-4ce5-ad62-74db849500e6 ==============================
[0m11:48:02.849294 [info ] [MainThread]: Running with dbt=1.12.3
[0m11:48:02.850475 [debug] [MainThread]: running dbt with arguments {'static_parser': 'True', 'no_print': 'None', 'version_check': 'True', 'warn_error_options': 'WarnErrorOptionsV2(error=[], warn=[], silence=[])', 'target_path': 'None', 'maximum_seed_size_mib': '1', 'printer_width': '80', 'write_json': 'True', 'empty': 'None', 'log_cache_events': 'False', 'introspect': 'True', 'cache_selected_only': 'False', 'log_format': 'default', 'debug': 'False', 'fail_fast': 'False', 'partial_parse': 'True', 'send_anonymous_usage_stats': 'True', 'quiet': 'False', 'warn_error': 'None', 'profiles_dir': '.', 'invocation_command': 'dbt docs generate --profiles-dir .', 'hints_enabled': 'True', 'indirect_selection': 'eager', 'use_experimental_parser': 'False', 'use_colors': 'True', 'log_path': 'C:\\Users\\Mirela\\Desktop\\sweden-power-lakehouse\\dbt\\logs'}
[0m11:48:05.665452 [debug] [MainThread]: Spark adapter: Setting pyhive.hive logging to ERROR
[0m11:48:05.666649 [debug] [MainThread]: Spark adapter: Setting thrift.transport logging to ERROR
[0m11:48:05.667604 [debug] [MainThread]: Spark adapter: Setting thrift.protocol logging to ERROR
[0m11:48:08.041896 [debug] [MainThread]: Sending event: {'category': 'dbt', 'action': 'project_id', 'label': 'cf570a92-b963-4ce5-ad62-74db849500e6', 'context': [<snowplow_tracker.self_describing_json.SelfDescribingJson object at 0x0000013538B155B0>]}
[0m11:48:08.370719 [debug] [MainThread]: Sending event: {'category': 'dbt', 'action': 'adapter_info', 'label': 'cf570a92-b963-4ce5-ad62-74db849500e6', 'context': [<snowplow_tracker.self_describing_json.SelfDescribingJson object at 0x000001352A4F4F30>]}
[0m11:48:08.373569 [info ] [MainThread]: Registered adapter: databricks=1.12.5
[0m11:48:09.779599 [debug] [MainThread]: checksum: e2d1256c77e6efbaf5ed4fcd69271aea21a9eaf776453aa326a8e70af78a63cd, vars: {}, profile: sweden_power_lakehouse, target: dev, version: 1.12.3
[0m11:48:10.469063 [debug] [MainThread]: Partial parsing enabled: 0 files deleted, 0 files added, 0 files changed.
[0m11:48:10.469626 [debug] [MainThread]: Nothing changed, skipping partial parsing.
[0m11:48:10.470018 [debug] [MainThread]: Partial parsing enabled, no changes found, skipping parsing
[0m11:48:10.490507 [debug] [MainThread]: Sending event: {'category': 'dbt', 'action': 'load_project', 'label': 'cf570a92-b963-4ce5-ad62-74db849500e6', 'context': [<snowplow_tracker.self_describing_json.SelfDescribingJson object at 0x0000013539481550>]}
[0m11:48:10.697597 [debug] [MainThread]: Sending event: {'category': 'dbt', 'action': 'resource_counts', 'label': 'cf570a92-b963-4ce5-ad62-74db849500e6', 'context': [<snowplow_tracker.self_describing_json.SelfDescribingJson object at 0x00000135391B8320>]}
[0m11:48:10.699730 [info ] [MainThread]: Found 5 models, 29 data tests, 1 seed, 4 sources, 890 macros
[0m11:48:10.701116 [debug] [MainThread]: Sending event: {'category': 'dbt', 'action': 'runnable_timing', 'label': 'cf570a92-b963-4ce5-ad62-74db849500e6', 'context': [<snowplow_tracker.self_describing_json.SelfDescribingJson object at 0x000001353954F690>]}
[0m11:48:10.708112 [info ] [MainThread]: 
[0m11:48:10.709157 [info ] [MainThread]: Concurrency: 4 threads (target='dev')
[0m11:48:10.710045 [info ] [MainThread]: 
[0m11:48:10.711528 [debug] [MainThread]: Databricks adapter: DatabricksDBTConnection(session-id=None, name=master) - Creating connection
[0m11:48:10.713208 [debug] [MainThread]: Acquiring new databricks connection 'master'
[0m11:48:10.738840 [debug] [ThreadPool]: Databricks adapter: DatabricksDBTConnection(session-id=None, name=list_workspace_silver) - Creating connection
[0m11:48:10.739898 [debug] [ThreadPool]: Acquiring new databricks connection 'list_workspace_silver'
[0m11:48:10.742343 [debug] [ThreadPool]: Databricks adapter: DatabricksDBTConnection(session-id=None, name=list_workspace_gold) - Creating connection
[0m11:48:10.768335 [debug] [ThreadPool]: Acquiring new databricks connection 'list_workspace_gold'
[0m11:48:10.796644 [debug] [ThreadPool]: Using databricks connection "list_workspace_gold"
[0m11:48:10.801531 [debug] [ThreadPool]: On list_workspace_gold: /* {"app": "dbt", "dbt_version": "1.12.3", "dbt_databricks_version": "1.12.5", "databricks_sql_connector_version": "4.4.0", "profile_name": "sweden_power_lakehouse", "target_name": "dev", "invocation_id": "cf570a92-b963-4ce5-ad62-74db849500e6", "connection_name": "list_workspace_gold"} */

    
SELECT
  table_name,
  if(table_type IN ('EXTERNAL', 'MANAGED', 'MANAGED_SHALLOW_CLONE', 'EXTERNAL_SHALLOW_CLONE'), 'table', lower(table_type)) AS table_type,
  lower(data_source_format) AS file_format,
  table_owner,
  if(
    table_type IN (
      'EXTERNAL',
      'MANAGED',
      'MANAGED_SHALLOW_CLONE',
      'EXTERNAL_SHALLOW_CLONE'
    ),
    lower(table_type),
    NULL
  ) AS databricks_table_type
FROM `system`.`information_schema`.`tables`
WHERE table_catalog = 'workspace'
  AND table_schema = 'gold'

  
[0m11:48:10.813538 [debug] [ThreadPool]: Opening a new connection, currently in state init
[0m11:48:10.812916 [debug] [ThreadPool]: Using databricks connection "list_workspace_silver"
[0m11:48:10.814385 [debug] [ThreadPool]: On list_workspace_silver: /* {"app": "dbt", "dbt_version": "1.12.3", "dbt_databricks_version": "1.12.5", "databricks_sql_connector_version": "4.4.0", "profile_name": "sweden_power_lakehouse", "target_name": "dev", "invocation_id": "cf570a92-b963-4ce5-ad62-74db849500e6", "connection_name": "list_workspace_silver"} */

    
SELECT
  table_name,
  if(table_type IN ('EXTERNAL', 'MANAGED', 'MANAGED_SHALLOW_CLONE', 'EXTERNAL_SHALLOW_CLONE'), 'table', lower(table_type)) AS table_type,
  lower(data_source_format) AS file_format,
  table_owner,
  if(
    table_type IN (
      'EXTERNAL',
      'MANAGED',
      'MANAGED_SHALLOW_CLONE',
      'EXTERNAL_SHALLOW_CLONE'
    ),
    lower(table_type),
    NULL
  ) AS databricks_table_type
FROM `system`.`information_schema`.`tables`
WHERE table_catalog = 'workspace'
  AND table_schema = 'silver'

  
[0m11:48:10.815397 [debug] [ThreadPool]: Opening a new connection, currently in state init
[0m11:48:13.088871 [debug] [ThreadPool]: Databricks adapter: Connection(session-id=01f1b27c-e4fa-1ab8-a3ad-b58801cea587) - Created
[0m11:48:13.090600 [debug] [ThreadPool]: Databricks adapter: Connection(session-id=01f1b27c-e503-1d6e-846b-7000887f67f8) - Created
[0m11:48:13.593118 [debug] [ThreadPool]: SQL status: OK in 2.780 seconds
[0m11:48:13.618710 [debug] [ThreadPool]: Databricks adapter: Cursor(session-id=01f1b27c-e4fa-1ab8-a3ad-b58801cea587, command-id=01f1b27c-e563-1ff5-8535-a2c995112d94) - Closing
[0m11:48:13.628239 [debug] [ThreadPool]: On list_workspace_silver: Close
[0m11:48:13.629671 [debug] [ThreadPool]: Databricks adapter: Connection(session-id=01f1b27c-e4fa-1ab8-a3ad-b58801cea587) - Closing
[0m11:48:13.635382 [debug] [ThreadPool]: SQL status: OK in 2.820 seconds
[0m11:48:13.647511 [debug] [ThreadPool]: Databricks adapter: Cursor(session-id=01f1b27c-e503-1d6e-846b-7000887f67f8, command-id=01f1b27c-e565-15a3-aab4-d3500a19a462) - Closing
[0m11:48:13.817205 [debug] [ThreadPool]: On list_workspace_gold: Close
[0m11:48:13.817733 [debug] [ThreadPool]: Databricks adapter: Connection(session-id=01f1b27c-e503-1d6e-846b-7000887f67f8) - Closing
[0m11:48:14.031035 [debug] [MainThread]: Sending event: {'category': 'dbt', 'action': 'runnable_timing', 'label': 'cf570a92-b963-4ce5-ad62-74db849500e6', 'context': [<snowplow_tracker.self_describing_json.SelfDescribingJson object at 0x0000013538F794A0>]}
[0m11:48:14.039888 [debug] [Thread-2 (]: Began running node seed.sweden_power_lakehouse.category_mapping
[0m11:48:14.041052 [debug] [Thread-2 (]: Databricks adapter: DatabricksDBTConnection(session-id=None, name=seed.sweden_power_lakehouse.category_mapping) - Creating connection
[0m11:48:14.041567 [debug] [Thread-2 (]: Acquiring new databricks connection 'seed.sweden_power_lakehouse.category_mapping'
[0m11:48:14.042062 [debug] [Thread-2 (]: Began compiling node seed.sweden_power_lakehouse.category_mapping
[0m11:48:14.050019 [debug] [Thread-2 (]: Began executing node seed.sweden_power_lakehouse.category_mapping
[0m11:48:14.051156 [debug] [Thread-2 (]: Finished running node seed.sweden_power_lakehouse.category_mapping
[0m11:48:14.052492 [debug] [Thread-4 (]: Began running node test.sweden_power_lakehouse.accepted_values_category_mapping_measure__production__consumption__total__transfer.8589d7dcd7
[0m11:48:14.054710 [debug] [Thread-4 (]: Databricks adapter: DatabricksDBTConnection(session-id=None, name=test.sweden_power_lakehouse.accepted_values_category_mapping_measure__production__consumption__total__transfer.8589d7dcd7) - Creating connection
[0m11:48:14.053829 [debug] [Thread-2 (]: Began running node test.sweden_power_lakehouse.not_null_category_mapping_category.8b3d5720b1
[0m11:48:14.056997 [debug] [Thread-2 (]: Databricks adapter: DatabricksDBTConnection(session-id=None, name=test.sweden_power_lakehouse.not_null_category_mapping_category.8b3d5720b1) - Creating connection
[0m11:48:14.055958 [debug] [Thread-4 (]: Acquiring new databricks connection 'test.sweden_power_lakehouse.accepted_values_category_mapping_measure__production__consumption__total__transfer.8589d7dcd7'
[0m11:48:14.053113 [debug] [Thread-3 (]: Began running node model.sweden_power_lakehouse.production_hourly
[0m11:48:14.055346 [debug] [Thread-5 (]: Began running node test.sweden_power_lakehouse.accepted_values_category_mapping_source__mimer__scb.20769f0337
[0m11:48:14.057764 [debug] [Thread-2 (]: Acquiring new databricks connection 'test.sweden_power_lakehouse.not_null_category_mapping_category.8b3d5720b1'
[0m11:48:14.058480 [debug] [Thread-4 (]: Began compiling node test.sweden_power_lakehouse.accepted_values_category_mapping_measure__production__consumption__total__transfer.8589d7dcd7
[0m11:48:14.059609 [debug] [Thread-3 (]: Databricks adapter: DatabricksDBTConnection(session-id=None, name=model.sweden_power_lakehouse.production_hourly) - Creating connection
[0m11:48:14.061926 [debug] [Thread-5 (]: Databricks adapter: DatabricksDBTConnection(session-id=None, name=test.sweden_power_lakehouse.accepted_values_category_mapping_source__mimer__scb.20769f0337) - Creating connection
[0m11:48:14.063607 [debug] [Thread-2 (]: Began compiling node test.sweden_power_lakehouse.not_null_category_mapping_category.8b3d5720b1
[0m11:48:14.106526 [debug] [Thread-3 (]: Acquiring new databricks connection 'model.sweden_power_lakehouse.production_hourly'
[0m11:48:14.126305 [debug] [Thread-4 (]: Writing injected SQL for node "test.sweden_power_lakehouse.accepted_values_category_mapping_measure__production__consumption__total__transfer.8589d7dcd7"
[0m11:48:14.127072 [debug] [Thread-5 (]: Acquiring new databricks connection 'test.sweden_power_lakehouse.accepted_values_category_mapping_source__mimer__scb.20769f0337'
[0m11:48:14.145448 [debug] [Thread-2 (]: Writing injected SQL for node "test.sweden_power_lakehouse.not_null_category_mapping_category.8b3d5720b1"
[0m11:48:14.146147 [debug] [Thread-3 (]: Began compiling node model.sweden_power_lakehouse.production_hourly
[0m11:48:14.152474 [debug] [Thread-3 (]: Writing injected SQL for node "model.sweden_power_lakehouse.production_hourly"
[0m11:48:14.147098 [debug] [Thread-5 (]: Began compiling node test.sweden_power_lakehouse.accepted_values_category_mapping_source__mimer__scb.20769f0337
[0m11:48:14.153355 [debug] [Thread-4 (]: Began executing node test.sweden_power_lakehouse.accepted_values_category_mapping_measure__production__consumption__total__transfer.8589d7dcd7
[0m11:48:14.183533 [debug] [Thread-4 (]: Finished running node test.sweden_power_lakehouse.accepted_values_category_mapping_measure__production__consumption__total__transfer.8589d7dcd7
[0m11:48:14.181397 [debug] [Thread-5 (]: Writing injected SQL for node "test.sweden_power_lakehouse.accepted_values_category_mapping_source__mimer__scb.20769f0337"
[0m11:48:14.184506 [debug] [Thread-2 (]: Began executing node test.sweden_power_lakehouse.not_null_category_mapping_category.8b3d5720b1
[0m11:48:14.186845 [debug] [Thread-2 (]: Finished running node test.sweden_power_lakehouse.not_null_category_mapping_category.8b3d5720b1
[0m11:48:14.188242 [debug] [Thread-3 (]: Began executing node model.sweden_power_lakehouse.production_hourly
[0m11:48:14.190526 [debug] [Thread-3 (]: Finished running node model.sweden_power_lakehouse.production_hourly
[0m11:48:14.189190 [debug] [Thread-5 (]: Began executing node test.sweden_power_lakehouse.accepted_values_category_mapping_source__mimer__scb.20769f0337
[0m11:48:14.192626 [debug] [Thread-5 (]: Finished running node test.sweden_power_lakehouse.accepted_values_category_mapping_source__mimer__scb.20769f0337
[0m11:48:14.193425 [debug] [Thread-2 (]: Began running node model.sweden_power_lakehouse.hourly_profile
[0m11:48:14.194069 [debug] [Thread-3 (]: Began running node model.sweden_power_lakehouse.production_monthly
[0m11:48:14.194625 [debug] [Thread-4 (]: Began running node model.sweden_power_lakehouse.excluded_months
[0m11:48:14.195477 [debug] [Thread-5 (]: Began running node test.sweden_power_lakehouse.accepted_values_production_hourly_area__SE1__SE2__SE3__SE4.1e02f2d233
[0m11:48:14.196893 [debug] [Thread-2 (]: Databricks adapter: DatabricksDBTConnection(session-id=None, name=model.sweden_power_lakehouse.hourly_profile) - Creating connection
[0m11:48:14.198110 [debug] [Thread-3 (]: Databricks adapter: DatabricksDBTConnection(session-id=None, name=model.sweden_power_lakehouse.production_monthly) - Creating connection
[0m11:48:14.199266 [debug] [Thread-4 (]: Databricks adapter: DatabricksDBTConnection(session-id=None, name=model.sweden_power_lakehouse.excluded_months) - Creating connection
[0m11:48:14.200406 [debug] [Thread-5 (]: Databricks adapter: DatabricksDBTConnection(session-id=None, name=test.sweden_power_lakehouse.accepted_values_production_hourly_area__SE1__SE2__SE3__SE4.1e02f2d233) - Creating connection
[0m11:48:14.201113 [debug] [Thread-2 (]: Acquiring new databricks connection 'model.sweden_power_lakehouse.hourly_profile'
[0m11:48:14.201774 [debug] [Thread-3 (]: Acquiring new databricks connection 'model.sweden_power_lakehouse.production_monthly'
[0m11:48:14.202462 [debug] [Thread-4 (]: Acquiring new databricks connection 'model.sweden_power_lakehouse.excluded_months'
[0m11:48:14.203239 [debug] [Thread-5 (]: Acquiring new databricks connection 'test.sweden_power_lakehouse.accepted_values_production_hourly_area__SE1__SE2__SE3__SE4.1e02f2d233'
[0m11:48:14.204084 [debug] [Thread-2 (]: Began compiling node model.sweden_power_lakehouse.hourly_profile
[0m11:48:14.204844 [debug] [Thread-3 (]: Began compiling node model.sweden_power_lakehouse.production_monthly
[0m11:48:14.205684 [debug] [Thread-4 (]: Began compiling node model.sweden_power_lakehouse.excluded_months
[0m11:48:14.206579 [debug] [Thread-5 (]: Began compiling node test.sweden_power_lakehouse.accepted_values_production_hourly_area__SE1__SE2__SE3__SE4.1e02f2d233
[0m11:48:14.210394 [debug] [Thread-2 (]: Writing injected SQL for node "model.sweden_power_lakehouse.hourly_profile"
[0m11:48:14.213942 [debug] [Thread-3 (]: Writing injected SQL for node "model.sweden_power_lakehouse.production_monthly"
[0m11:48:14.217082 [debug] [Thread-4 (]: Writing injected SQL for node "model.sweden_power_lakehouse.excluded_months"
[0m11:48:14.260452 [debug] [Thread-5 (]: Writing injected SQL for node "test.sweden_power_lakehouse.accepted_values_production_hourly_area__SE1__SE2__SE3__SE4.1e02f2d233"
[0m11:48:14.262553 [debug] [Thread-2 (]: Began executing node model.sweden_power_lakehouse.hourly_profile
[0m11:48:14.264192 [debug] [Thread-2 (]: Finished running node model.sweden_power_lakehouse.hourly_profile
[0m11:48:14.265658 [debug] [Thread-2 (]: Began running node test.sweden_power_lakehouse.accepted_values_production_hourly_source__mimer.7dbca9353d
[0m11:48:14.264916 [debug] [Thread-3 (]: Began executing node model.sweden_power_lakehouse.production_monthly
[0m11:48:14.269107 [debug] [Thread-3 (]: Finished running node model.sweden_power_lakehouse.production_monthly
[0m11:48:14.271706 [debug] [Thread-3 (]: Began running node test.sweden_power_lakehouse.dbt_utils_unique_combination_of_columns_production_hourly_area__category__ts.5cd94691e9
[0m11:48:14.270745 [debug] [Thread-4 (]: Began executing node model.sweden_power_lakehouse.excluded_months
[0m11:48:14.267057 [debug] [Thread-2 (]: Databricks adapter: DatabricksDBTConnection(session-id=None, name=test.sweden_power_lakehouse.accepted_values_production_hourly_source__mimer.7dbca9353d) - Creating connection
[0m11:48:14.270104 [debug] [Thread-5 (]: Began executing node test.sweden_power_lakehouse.accepted_values_production_hourly_area__SE1__SE2__SE3__SE4.1e02f2d233
[0m11:48:14.273474 [debug] [Thread-3 (]: Databricks adapter: DatabricksDBTConnection(session-id=None, name=test.sweden_power_lakehouse.dbt_utils_unique_combination_of_columns_production_hourly_area__category__ts.5cd94691e9) - Creating connection
[0m11:48:14.275360 [debug] [Thread-4 (]: Finished running node model.sweden_power_lakehouse.excluded_months
[0m11:48:14.276016 [debug] [Thread-2 (]: Acquiring new databricks connection 'test.sweden_power_lakehouse.accepted_values_production_hourly_source__mimer.7dbca9353d'
[0m11:48:14.277515 [debug] [Thread-5 (]: Finished running node test.sweden_power_lakehouse.accepted_values_production_hourly_area__SE1__SE2__SE3__SE4.1e02f2d233
[0m11:48:14.278364 [debug] [Thread-3 (]: Acquiring new databricks connection 'test.sweden_power_lakehouse.dbt_utils_unique_combination_of_columns_production_hourly_area__category__ts.5cd94691e9'
[0m11:48:14.279278 [debug] [Thread-4 (]: Began running node test.sweden_power_lakehouse.not_null_production_hourly_area.0871d3b78c
[0m11:48:14.280307 [debug] [Thread-2 (]: Began compiling node test.sweden_power_lakehouse.accepted_values_production_hourly_source__mimer.7dbca9353d
[0m11:48:14.281292 [debug] [Thread-5 (]: Began running node test.sweden_power_lakehouse.not_null_production_hourly_category.d6f905a46a
[0m11:48:14.282301 [debug] [Thread-3 (]: Began compiling node test.sweden_power_lakehouse.dbt_utils_unique_combination_of_columns_production_hourly_area__category__ts.5cd94691e9
[0m11:48:14.283545 [debug] [Thread-4 (]: Databricks adapter: DatabricksDBTConnection(session-id=None, name=test.sweden_power_lakehouse.not_null_production_hourly_area.0871d3b78c) - Creating connection
[0m11:48:14.296122 [debug] [Thread-2 (]: Writing injected SQL for node "test.sweden_power_lakehouse.accepted_values_production_hourly_source__mimer.7dbca9353d"
[0m11:48:14.297082 [debug] [Thread-5 (]: Databricks adapter: DatabricksDBTConnection(session-id=None, name=test.sweden_power_lakehouse.not_null_production_hourly_category.d6f905a46a) - Creating connection
[0m11:48:14.345669 [debug] [Thread-4 (]: Acquiring new databricks connection 'test.sweden_power_lakehouse.not_null_production_hourly_area.0871d3b78c'
[0m11:48:14.371381 [debug] [Thread-3 (]: Writing injected SQL for node "test.sweden_power_lakehouse.dbt_utils_unique_combination_of_columns_production_hourly_area__category__ts.5cd94691e9"
[0m11:48:14.372990 [debug] [Thread-5 (]: Acquiring new databricks connection 'test.sweden_power_lakehouse.not_null_production_hourly_category.d6f905a46a'
[0m11:48:14.376289 [debug] [Thread-5 (]: Began compiling node test.sweden_power_lakehouse.not_null_production_hourly_category.d6f905a46a
[0m11:48:14.377313 [debug] [Thread-2 (]: Began executing node test.sweden_power_lakehouse.accepted_values_production_hourly_source__mimer.7dbca9353d
[0m11:48:14.374753 [debug] [Thread-4 (]: Began compiling node test.sweden_power_lakehouse.not_null_production_hourly_area.0871d3b78c
[0m11:48:14.381299 [debug] [Thread-2 (]: Finished running node test.sweden_power_lakehouse.accepted_values_production_hourly_source__mimer.7dbca9353d
[0m11:48:14.395722 [debug] [Thread-3 (]: Began executing node test.sweden_power_lakehouse.dbt_utils_unique_combination_of_columns_production_hourly_area__category__ts.5cd94691e9
[0m11:48:14.422307 [debug] [Thread-5 (]: Writing injected SQL for node "test.sweden_power_lakehouse.not_null_production_hourly_category.d6f905a46a"
[0m11:48:14.426915 [debug] [Thread-4 (]: Writing injected SQL for node "test.sweden_power_lakehouse.not_null_production_hourly_area.0871d3b78c"
[0m11:48:14.427763 [debug] [Thread-2 (]: Began running node test.sweden_power_lakehouse.not_null_production_hourly_published_at.6087d9a0e6
[0m11:48:14.434974 [debug] [Thread-2 (]: Databricks adapter: DatabricksDBTConnection(session-id=None, name=test.sweden_power_lakehouse.not_null_production_hourly_published_at.6087d9a0e6) - Creating connection
[0m11:48:14.439151 [debug] [Thread-2 (]: Acquiring new databricks connection 'test.sweden_power_lakehouse.not_null_production_hourly_published_at.6087d9a0e6'
[0m11:48:14.431434 [debug] [Thread-3 (]: Finished running node test.sweden_power_lakehouse.dbt_utils_unique_combination_of_columns_production_hourly_area__category__ts.5cd94691e9
[0m11:48:14.442059 [debug] [Thread-3 (]: Began running node test.sweden_power_lakehouse.not_null_production_hourly_source.ddbdc119da
[0m11:48:14.437633 [debug] [Thread-5 (]: Began executing node test.sweden_power_lakehouse.not_null_production_hourly_category.d6f905a46a
[0m11:48:14.440177 [debug] [Thread-2 (]: Began compiling node test.sweden_power_lakehouse.not_null_production_hourly_published_at.6087d9a0e6
[0m11:48:14.443229 [debug] [Thread-3 (]: Databricks adapter: DatabricksDBTConnection(session-id=None, name=test.sweden_power_lakehouse.not_null_production_hourly_source.ddbdc119da) - Creating connection
[0m11:48:14.444099 [debug] [Thread-4 (]: Began executing node test.sweden_power_lakehouse.not_null_production_hourly_area.0871d3b78c
[0m11:48:14.446010 [debug] [Thread-5 (]: Finished running node test.sweden_power_lakehouse.not_null_production_hourly_category.d6f905a46a
[0m11:48:14.462498 [debug] [Thread-3 (]: Acquiring new databricks connection 'test.sweden_power_lakehouse.not_null_production_hourly_source.ddbdc119da'
[0m11:48:14.472883 [debug] [Thread-2 (]: Writing injected SQL for node "test.sweden_power_lakehouse.not_null_production_hourly_published_at.6087d9a0e6"
[0m11:48:14.475901 [debug] [Thread-4 (]: Finished running node test.sweden_power_lakehouse.not_null_production_hourly_area.0871d3b78c
[0m11:48:14.476947 [debug] [Thread-5 (]: Began running node test.sweden_power_lakehouse.not_null_production_hourly_ts.8bea084dd4
[0m11:48:14.478054 [debug] [Thread-3 (]: Began compiling node test.sweden_power_lakehouse.not_null_production_hourly_source.ddbdc119da
[0m11:48:14.480397 [debug] [Thread-4 (]: Began running node test.sweden_power_lakehouse.not_null_production_hourly_value_mwh.93c26a886b
[0m11:48:14.483427 [debug] [Thread-5 (]: Databricks adapter: DatabricksDBTConnection(session-id=None, name=test.sweden_power_lakehouse.not_null_production_hourly_ts.8bea084dd4) - Creating connection
[0m11:48:14.507808 [debug] [Thread-3 (]: Writing injected SQL for node "test.sweden_power_lakehouse.not_null_production_hourly_source.ddbdc119da"
[0m11:48:14.509298 [debug] [Thread-4 (]: Databricks adapter: DatabricksDBTConnection(session-id=None, name=test.sweden_power_lakehouse.not_null_production_hourly_value_mwh.93c26a886b) - Creating connection
[0m11:48:14.510214 [debug] [Thread-5 (]: Acquiring new databricks connection 'test.sweden_power_lakehouse.not_null_production_hourly_ts.8bea084dd4'
[0m11:48:14.511357 [debug] [Thread-2 (]: Began executing node test.sweden_power_lakehouse.not_null_production_hourly_published_at.6087d9a0e6
[0m11:48:14.515275 [debug] [Thread-2 (]: Finished running node test.sweden_power_lakehouse.not_null_production_hourly_published_at.6087d9a0e6
[0m11:48:14.513870 [debug] [Thread-5 (]: Began compiling node test.sweden_power_lakehouse.not_null_production_hourly_ts.8bea084dd4
[0m11:48:14.516232 [debug] [Thread-2 (]: Began running node test.sweden_power_lakehouse.relationships_production_hourly_category__category__ref_category_mapping_.50c984e9c3
[0m11:48:14.512836 [debug] [Thread-4 (]: Acquiring new databricks connection 'test.sweden_power_lakehouse.not_null_production_hourly_value_mwh.93c26a886b'
[0m11:48:14.517338 [debug] [Thread-3 (]: Began executing node test.sweden_power_lakehouse.not_null_production_hourly_source.ddbdc119da
[0m11:48:14.532382 [debug] [Thread-5 (]: Writing injected SQL for node "test.sweden_power_lakehouse.not_null_production_hourly_ts.8bea084dd4"
[0m11:48:14.533512 [debug] [Thread-2 (]: Databricks adapter: DatabricksDBTConnection(session-id=None, name=test.sweden_power_lakehouse.relationships_production_hourly_category__category__ref_category_mapping_.50c984e9c3) - Creating connection
[0m11:48:14.534351 [debug] [Thread-4 (]: Began compiling node test.sweden_power_lakehouse.not_null_production_hourly_value_mwh.93c26a886b
[0m11:48:14.535939 [debug] [Thread-3 (]: Finished running node test.sweden_power_lakehouse.not_null_production_hourly_source.ddbdc119da
[0m11:48:14.536856 [debug] [Thread-2 (]: Acquiring new databricks connection 'test.sweden_power_lakehouse.relationships_production_hourly_category__category__ref_category_mapping_.50c984e9c3'
[0m11:48:14.549619 [debug] [Thread-4 (]: Writing injected SQL for node "test.sweden_power_lakehouse.not_null_production_hourly_value_mwh.93c26a886b"
[0m11:48:14.550418 [debug] [Thread-3 (]: Began running node test.sweden_power_lakehouse.solar_produces_at_night
[0m11:48:14.552551 [debug] [Thread-3 (]: Databricks adapter: DatabricksDBTConnection(session-id=None, name=test.sweden_power_lakehouse.solar_produces_at_night) - Creating connection
[0m11:48:14.553921 [debug] [Thread-3 (]: Acquiring new databricks connection 'test.sweden_power_lakehouse.solar_produces_at_night'
[0m11:48:14.551290 [debug] [Thread-2 (]: Began compiling node test.sweden_power_lakehouse.relationships_production_hourly_category__category__ref_category_mapping_.50c984e9c3
[0m11:48:14.553260 [debug] [Thread-5 (]: Began executing node test.sweden_power_lakehouse.not_null_production_hourly_ts.8bea084dd4
[0m11:48:14.554607 [debug] [Thread-3 (]: Began compiling node test.sweden_power_lakehouse.solar_produces_at_night
[0m11:48:14.575959 [debug] [Thread-5 (]: Finished running node test.sweden_power_lakehouse.not_null_production_hourly_ts.8bea084dd4
[0m11:48:14.579766 [debug] [Thread-2 (]: Writing injected SQL for node "test.sweden_power_lakehouse.relationships_production_hourly_category__category__ref_category_mapping_.50c984e9c3"
[0m11:48:14.580460 [debug] [Thread-4 (]: Began executing node test.sweden_power_lakehouse.not_null_production_hourly_value_mwh.93c26a886b
[0m11:48:14.583403 [debug] [Thread-3 (]: Writing injected SQL for node "test.sweden_power_lakehouse.solar_produces_at_night"
[0m11:48:14.584142 [debug] [Thread-5 (]: Began running node test.sweden_power_lakehouse.accepted_values_hourly_profile_hour_of_day__False__0__1__2__3__4__5__6__7__8__9__10__11__12__13__14__15__16__17__18__19__20__21__22__23.c574909dff
[0m11:48:14.587067 [debug] [Thread-5 (]: Databricks adapter: DatabricksDBTConnection(session-id=None, name=test.sweden_power_lakehouse.accepted_values_hourly_profile_hour_of_day__False__0__1__2__3__4__5__6__7__8__9__10__11__12__13__14__15__16__17__18__19__20__21__22__23.c574909dff) - Creating connection
[0m11:48:14.585792 [debug] [Thread-4 (]: Finished running node test.sweden_power_lakehouse.not_null_production_hourly_value_mwh.93c26a886b
[0m11:48:14.588721 [debug] [Thread-4 (]: Began running node test.sweden_power_lakehouse.not_null_hourly_profile_hour_of_day.eb0a31e2cb
[0m11:48:14.587756 [debug] [Thread-5 (]: Acquiring new databricks connection 'test.sweden_power_lakehouse.accepted_values_hourly_profile_hour_of_day__False__0__1__2__3__4__5__6__7__8__9__10__11__12__13__14__15__16__17__18__19__20__21__22__23.c574909dff'
[0m11:48:14.589827 [debug] [Thread-4 (]: Databricks adapter: DatabricksDBTConnection(session-id=None, name=test.sweden_power_lakehouse.not_null_hourly_profile_hour_of_day.eb0a31e2cb) - Creating connection
[0m11:48:14.592628 [debug] [Thread-4 (]: Acquiring new databricks connection 'test.sweden_power_lakehouse.not_null_hourly_profile_hour_of_day.eb0a31e2cb'
[0m11:48:14.593359 [debug] [Thread-4 (]: Began compiling node test.sweden_power_lakehouse.not_null_hourly_profile_hour_of_day.eb0a31e2cb
[0m11:48:14.590888 [debug] [Thread-2 (]: Began executing node test.sweden_power_lakehouse.relationships_production_hourly_category__category__ref_category_mapping_.50c984e9c3
[0m11:48:14.594048 [debug] [Thread-3 (]: Began executing node test.sweden_power_lakehouse.solar_produces_at_night
[0m11:48:14.591887 [debug] [Thread-5 (]: Began compiling node test.sweden_power_lakehouse.accepted_values_hourly_profile_hour_of_day__False__0__1__2__3__4__5__6__7__8__9__10__11__12__13__14__15__16__17__18__19__20__21__22__23.c574909dff
[0m11:48:14.606577 [debug] [Thread-4 (]: Writing injected SQL for node "test.sweden_power_lakehouse.not_null_hourly_profile_hour_of_day.eb0a31e2cb"
[0m11:48:14.608141 [debug] [Thread-2 (]: Finished running node test.sweden_power_lakehouse.relationships_production_hourly_category__category__ref_category_mapping_.50c984e9c3
[0m11:48:14.609506 [debug] [Thread-3 (]: Finished running node test.sweden_power_lakehouse.solar_produces_at_night
[0m11:48:14.622595 [debug] [Thread-5 (]: Writing injected SQL for node "test.sweden_power_lakehouse.accepted_values_hourly_profile_hour_of_day__False__0__1__2__3__4__5__6__7__8__9__10__11__12__13__14__15__16__17__18__19__20__21__22__23.c574909dff"
[0m11:48:14.624803 [debug] [Thread-2 (]: Began running node model.sweden_power_lakehouse.source_reconciliation
[0m11:48:14.627858 [debug] [Thread-2 (]: Databricks adapter: DatabricksDBTConnection(session-id=None, name=model.sweden_power_lakehouse.source_reconciliation) - Creating connection
[0m11:48:14.625742 [debug] [Thread-3 (]: Began running node test.sweden_power_lakehouse.accepted_values_production_monthly_source__mimer__scb.61c7e3ee68
[0m11:48:14.630432 [debug] [Thread-3 (]: Databricks adapter: DatabricksDBTConnection(session-id=None, name=test.sweden_power_lakehouse.accepted_values_production_monthly_source__mimer__scb.61c7e3ee68) - Creating connection
[0m11:48:14.629400 [debug] [Thread-2 (]: Acquiring new databricks connection 'model.sweden_power_lakehouse.source_reconciliation'
[0m11:48:14.628764 [debug] [Thread-4 (]: Began executing node test.sweden_power_lakehouse.not_null_hourly_profile_hour_of_day.eb0a31e2cb
[0m11:48:14.631160 [debug] [Thread-3 (]: Acquiring new databricks connection 'test.sweden_power_lakehouse.accepted_values_production_monthly_source__mimer__scb.61c7e3ee68'
[0m11:48:14.631972 [debug] [Thread-5 (]: Began executing node test.sweden_power_lakehouse.accepted_values_hourly_profile_hour_of_day__False__0__1__2__3__4__5__6__7__8__9__10__11__12__13__14__15__16__17__18__19__20__21__22__23.c574909dff
[0m11:48:14.632730 [debug] [Thread-2 (]: Began compiling node model.sweden_power_lakehouse.source_reconciliation
[0m11:48:14.634129 [debug] [Thread-4 (]: Finished running node test.sweden_power_lakehouse.not_null_hourly_profile_hour_of_day.eb0a31e2cb
[0m11:48:14.634832 [debug] [Thread-3 (]: Began compiling node test.sweden_power_lakehouse.accepted_values_production_monthly_source__mimer__scb.61c7e3ee68
[0m11:48:14.636428 [debug] [Thread-5 (]: Finished running node test.sweden_power_lakehouse.accepted_values_hourly_profile_hour_of_day__False__0__1__2__3__4__5__6__7__8__9__10__11__12__13__14__15__16__17__18__19__20__21__22__23.c574909dff
[0m11:48:14.642111 [debug] [Thread-2 (]: Writing injected SQL for node "model.sweden_power_lakehouse.source_reconciliation"
[0m11:48:14.643007 [debug] [Thread-4 (]: Began running node test.sweden_power_lakehouse.dbt_utils_unique_combination_of_columns_production_monthly_source__area__category__month.1a8eeb2bf6
[0m11:48:14.656840 [debug] [Thread-5 (]: Began running node test.sweden_power_lakehouse.energy_balance_silver_to_gold
[0m11:48:14.662601 [debug] [Thread-3 (]: Writing injected SQL for node "test.sweden_power_lakehouse.accepted_values_production_monthly_source__mimer__scb.61c7e3ee68"
[0m11:48:14.663914 [debug] [Thread-4 (]: Databricks adapter: DatabricksDBTConnection(session-id=None, name=test.sweden_power_lakehouse.dbt_utils_unique_combination_of_columns_production_monthly_source__area__category__month.1a8eeb2bf6) - Creating connection
[0m11:48:14.666015 [debug] [Thread-4 (]: Acquiring new databricks connection 'test.sweden_power_lakehouse.dbt_utils_unique_combination_of_columns_production_monthly_source__area__category__month.1a8eeb2bf6'
[0m11:48:14.666745 [debug] [Thread-4 (]: Began compiling node test.sweden_power_lakehouse.dbt_utils_unique_combination_of_columns_production_monthly_source__area__category__month.1a8eeb2bf6
[0m11:48:14.664971 [debug] [Thread-5 (]: Databricks adapter: DatabricksDBTConnection(session-id=None, name=test.sweden_power_lakehouse.energy_balance_silver_to_gold) - Creating connection
[0m11:48:14.700279 [debug] [Thread-3 (]: Began executing node test.sweden_power_lakehouse.accepted_values_production_monthly_source__mimer__scb.61c7e3ee68
[0m11:48:14.702920 [debug] [Thread-3 (]: Finished running node test.sweden_power_lakehouse.accepted_values_production_monthly_source__mimer__scb.61c7e3ee68
[0m11:48:14.698760 [debug] [Thread-4 (]: Writing injected SQL for node "test.sweden_power_lakehouse.dbt_utils_unique_combination_of_columns_production_monthly_source__area__category__month.1a8eeb2bf6"
[0m11:48:14.701760 [debug] [Thread-2 (]: Began executing node model.sweden_power_lakehouse.source_reconciliation
[0m11:48:14.701043 [debug] [Thread-5 (]: Acquiring new databricks connection 'test.sweden_power_lakehouse.energy_balance_silver_to_gold'
[0m11:48:14.703526 [debug] [Thread-3 (]: Began running node test.sweden_power_lakehouse.not_null_production_monthly_area.ee97c15a36
[0m11:48:14.706710 [debug] [Thread-3 (]: Databricks adapter: DatabricksDBTConnection(session-id=None, name=test.sweden_power_lakehouse.not_null_production_monthly_area.ee97c15a36) - Creating connection
[0m11:48:14.705736 [debug] [Thread-5 (]: Began compiling node test.sweden_power_lakehouse.energy_balance_silver_to_gold
[0m11:48:14.705070 [debug] [Thread-2 (]: Finished running node model.sweden_power_lakehouse.source_reconciliation
[0m11:48:14.707467 [debug] [Thread-3 (]: Acquiring new databricks connection 'test.sweden_power_lakehouse.not_null_production_monthly_area.ee97c15a36'
[0m11:48:14.708444 [debug] [Thread-4 (]: Began executing node test.sweden_power_lakehouse.dbt_utils_unique_combination_of_columns_production_monthly_source__area__category__month.1a8eeb2bf6
[0m11:48:14.711595 [debug] [Thread-5 (]: Writing injected SQL for node "test.sweden_power_lakehouse.energy_balance_silver_to_gold"
[0m11:48:14.712393 [debug] [Thread-2 (]: Began running node test.sweden_power_lakehouse.not_null_production_monthly_category.28d1bac3fe
[0m11:48:14.713335 [debug] [Thread-3 (]: Began compiling node test.sweden_power_lakehouse.not_null_production_monthly_area.ee97c15a36
[0m11:48:14.714569 [debug] [Thread-4 (]: Finished running node test.sweden_power_lakehouse.dbt_utils_unique_combination_of_columns_production_monthly_source__area__category__month.1a8eeb2bf6
[0m11:48:14.715852 [debug] [Thread-2 (]: Databricks adapter: DatabricksDBTConnection(session-id=None, name=test.sweden_power_lakehouse.not_null_production_monthly_category.28d1bac3fe) - Creating connection
[0m11:48:14.728161 [debug] [Thread-3 (]: Writing injected SQL for node "test.sweden_power_lakehouse.not_null_production_monthly_area.ee97c15a36"
[0m11:48:14.729148 [debug] [Thread-4 (]: Began running node test.sweden_power_lakehouse.not_null_production_monthly_month.128fcaedc9
[0m11:48:14.730034 [debug] [Thread-2 (]: Acquiring new databricks connection 'test.sweden_power_lakehouse.not_null_production_monthly_category.28d1bac3fe'
[0m11:48:14.730759 [debug] [Thread-5 (]: Began executing node test.sweden_power_lakehouse.energy_balance_silver_to_gold
[0m11:48:14.734229 [debug] [Thread-5 (]: Finished running node test.sweden_power_lakehouse.energy_balance_silver_to_gold
[0m11:48:14.732979 [debug] [Thread-2 (]: Began compiling node test.sweden_power_lakehouse.not_null_production_monthly_category.28d1bac3fe
[0m11:48:14.732244 [debug] [Thread-4 (]: Databricks adapter: DatabricksDBTConnection(session-id=None, name=test.sweden_power_lakehouse.not_null_production_monthly_month.128fcaedc9) - Creating connection
[0m11:48:14.735031 [debug] [Thread-5 (]: Began running node test.sweden_power_lakehouse.not_null_production_monthly_source.5007941278
[0m11:48:14.735940 [debug] [Thread-3 (]: Began executing node test.sweden_power_lakehouse.not_null_production_monthly_area.ee97c15a36
[0m11:48:14.747951 [debug] [Thread-2 (]: Writing injected SQL for node "test.sweden_power_lakehouse.not_null_production_monthly_category.28d1bac3fe"
[0m11:48:14.748627 [debug] [Thread-4 (]: Acquiring new databricks connection 'test.sweden_power_lakehouse.not_null_production_monthly_month.128fcaedc9'
[0m11:48:14.749680 [debug] [Thread-5 (]: Databricks adapter: DatabricksDBTConnection(session-id=None, name=test.sweden_power_lakehouse.not_null_production_monthly_source.5007941278) - Creating connection
[0m11:48:14.752449 [debug] [Thread-5 (]: Acquiring new databricks connection 'test.sweden_power_lakehouse.not_null_production_monthly_source.5007941278'
[0m11:48:14.753097 [debug] [Thread-5 (]: Began compiling node test.sweden_power_lakehouse.not_null_production_monthly_source.5007941278
[0m11:48:14.750938 [debug] [Thread-3 (]: Finished running node test.sweden_power_lakehouse.not_null_production_monthly_area.ee97c15a36
[0m11:48:14.751735 [debug] [Thread-4 (]: Began compiling node test.sweden_power_lakehouse.not_null_production_monthly_month.128fcaedc9
[0m11:48:14.765110 [debug] [Thread-5 (]: Writing injected SQL for node "test.sweden_power_lakehouse.not_null_production_monthly_source.5007941278"
[0m11:48:14.766189 [debug] [Thread-3 (]: Began running node test.sweden_power_lakehouse.not_null_production_monthly_value_mwh.0d6d2d1dc8
[0m11:48:14.767169 [debug] [Thread-2 (]: Began executing node test.sweden_power_lakehouse.not_null_production_monthly_category.28d1bac3fe
[0m11:48:14.778800 [debug] [Thread-4 (]: Writing injected SQL for node "test.sweden_power_lakehouse.not_null_production_monthly_month.128fcaedc9"
[0m11:48:14.780150 [debug] [Thread-3 (]: Databricks adapter: DatabricksDBTConnection(session-id=None, name=test.sweden_power_lakehouse.not_null_production_monthly_value_mwh.0d6d2d1dc8) - Creating connection
[0m11:48:14.782499 [debug] [Thread-3 (]: Acquiring new databricks connection 'test.sweden_power_lakehouse.not_null_production_monthly_value_mwh.0d6d2d1dc8'
[0m11:48:14.781380 [debug] [Thread-2 (]: Finished running node test.sweden_power_lakehouse.not_null_production_monthly_category.28d1bac3fe
[0m11:48:14.784847 [debug] [Thread-2 (]: Began running node test.sweden_power_lakehouse.dbt_utils_unique_combination_of_columns_source_reconciliation_area__category__month.80f850821c
[0m11:48:14.784004 [debug] [Thread-5 (]: Began executing node test.sweden_power_lakehouse.not_null_production_monthly_source.5007941278
[0m11:48:14.783439 [debug] [Thread-3 (]: Began compiling node test.sweden_power_lakehouse.not_null_production_monthly_value_mwh.0d6d2d1dc8
[0m11:48:14.786177 [debug] [Thread-2 (]: Databricks adapter: DatabricksDBTConnection(session-id=None, name=test.sweden_power_lakehouse.dbt_utils_unique_combination_of_columns_source_reconciliation_area__category__month.80f850821c) - Creating connection
[0m11:48:14.787459 [debug] [Thread-4 (]: Began executing node test.sweden_power_lakehouse.not_null_production_monthly_month.128fcaedc9
[0m11:48:14.789125 [debug] [Thread-5 (]: Finished running node test.sweden_power_lakehouse.not_null_production_monthly_source.5007941278
[0m11:48:14.812297 [debug] [Thread-2 (]: Acquiring new databricks connection 'test.sweden_power_lakehouse.dbt_utils_unique_combination_of_columns_source_reconciliation_area__category__month.80f850821c'
[0m11:48:14.814046 [debug] [Thread-3 (]: Writing injected SQL for node "test.sweden_power_lakehouse.not_null_production_monthly_value_mwh.0d6d2d1dc8"
[0m11:48:14.816698 [debug] [Thread-4 (]: Finished running node test.sweden_power_lakehouse.not_null_production_monthly_month.128fcaedc9
[0m11:48:14.818465 [debug] [Thread-5 (]: Began running node test.sweden_power_lakehouse.not_null_source_reconciliation_diff_mwh.2de4475dfa
[0m11:48:14.822256 [debug] [Thread-2 (]: Began compiling node test.sweden_power_lakehouse.dbt_utils_unique_combination_of_columns_source_reconciliation_area__category__month.80f850821c
[0m11:48:14.826482 [debug] [Thread-4 (]: Began running node test.sweden_power_lakehouse.not_null_source_reconciliation_mimer_mwh.1626bafa72
[0m11:48:14.892017 [debug] [Thread-5 (]: Databricks adapter: DatabricksDBTConnection(session-id=None, name=test.sweden_power_lakehouse.not_null_source_reconciliation_diff_mwh.2de4475dfa) - Creating connection
[0m11:48:14.904071 [debug] [Thread-3 (]: Began executing node test.sweden_power_lakehouse.not_null_production_monthly_value_mwh.0d6d2d1dc8
[0m11:48:14.935778 [debug] [Thread-4 (]: Databricks adapter: DatabricksDBTConnection(session-id=None, name=test.sweden_power_lakehouse.not_null_source_reconciliation_mimer_mwh.1626bafa72) - Creating connection
[0m11:48:14.946169 [debug] [Thread-2 (]: Writing injected SQL for node "test.sweden_power_lakehouse.dbt_utils_unique_combination_of_columns_source_reconciliation_area__category__month.80f850821c"
[0m11:48:14.949404 [debug] [Thread-5 (]: Acquiring new databricks connection 'test.sweden_power_lakehouse.not_null_source_reconciliation_diff_mwh.2de4475dfa'
[0m11:48:14.952370 [debug] [Thread-3 (]: Finished running node test.sweden_power_lakehouse.not_null_production_monthly_value_mwh.0d6d2d1dc8
[0m11:48:14.954597 [debug] [Thread-4 (]: Acquiring new databricks connection 'test.sweden_power_lakehouse.not_null_source_reconciliation_mimer_mwh.1626bafa72'
[0m11:48:14.956488 [debug] [Thread-5 (]: Began compiling node test.sweden_power_lakehouse.not_null_source_reconciliation_diff_mwh.2de4475dfa
[0m11:48:14.957690 [debug] [Thread-3 (]: Began running node test.sweden_power_lakehouse.not_null_source_reconciliation_scb_mwh.22dcb0c39f
[0m11:48:14.958415 [debug] [Thread-4 (]: Began compiling node test.sweden_power_lakehouse.not_null_source_reconciliation_mimer_mwh.1626bafa72
[0m11:48:14.965183 [debug] [Thread-3 (]: Databricks adapter: DatabricksDBTConnection(session-id=None, name=test.sweden_power_lakehouse.not_null_source_reconciliation_scb_mwh.22dcb0c39f) - Creating connection
[0m11:48:14.966560 [debug] [Thread-2 (]: Began executing node test.sweden_power_lakehouse.dbt_utils_unique_combination_of_columns_source_reconciliation_area__category__month.80f850821c
[0m11:48:14.982770 [debug] [Thread-5 (]: Writing injected SQL for node "test.sweden_power_lakehouse.not_null_source_reconciliation_diff_mwh.2de4475dfa"
[0m11:48:14.994711 [debug] [Thread-3 (]: Acquiring new databricks connection 'test.sweden_power_lakehouse.not_null_source_reconciliation_scb_mwh.22dcb0c39f'
[0m11:48:14.997085 [debug] [Thread-4 (]: Writing injected SQL for node "test.sweden_power_lakehouse.not_null_source_reconciliation_mimer_mwh.1626bafa72"
[0m11:48:14.998350 [debug] [Thread-2 (]: Finished running node test.sweden_power_lakehouse.dbt_utils_unique_combination_of_columns_source_reconciliation_area__category__month.80f850821c
[0m11:48:15.001194 [debug] [Thread-2 (]: Began running node test.sweden_power_lakehouse.not_null_source_reconciliation_within_rounding.9aec02a9a0
[0m11:48:15.003266 [debug] [Thread-2 (]: Databricks adapter: DatabricksDBTConnection(session-id=None, name=test.sweden_power_lakehouse.not_null_source_reconciliation_within_rounding.9aec02a9a0) - Creating connection
[0m11:48:14.999543 [debug] [Thread-3 (]: Began compiling node test.sweden_power_lakehouse.not_null_source_reconciliation_scb_mwh.22dcb0c39f
[0m11:48:15.004758 [debug] [Thread-5 (]: Began executing node test.sweden_power_lakehouse.not_null_source_reconciliation_diff_mwh.2de4475dfa
[0m11:48:15.006150 [debug] [Thread-2 (]: Acquiring new databricks connection 'test.sweden_power_lakehouse.not_null_source_reconciliation_within_rounding.9aec02a9a0'
[0m11:48:15.023368 [debug] [Thread-3 (]: Writing injected SQL for node "test.sweden_power_lakehouse.not_null_source_reconciliation_scb_mwh.22dcb0c39f"
[0m11:48:15.025030 [debug] [Thread-5 (]: Finished running node test.sweden_power_lakehouse.not_null_source_reconciliation_diff_mwh.2de4475dfa
[0m11:48:15.025735 [debug] [Thread-4 (]: Began executing node test.sweden_power_lakehouse.not_null_source_reconciliation_mimer_mwh.1626bafa72
[0m11:48:15.028722 [debug] [Thread-4 (]: Finished running node test.sweden_power_lakehouse.not_null_source_reconciliation_mimer_mwh.1626bafa72
[0m11:48:15.026358 [debug] [Thread-2 (]: Began compiling node test.sweden_power_lakehouse.not_null_source_reconciliation_within_rounding.9aec02a9a0
[0m11:48:15.048124 [debug] [Thread-2 (]: Writing injected SQL for node "test.sweden_power_lakehouse.not_null_source_reconciliation_within_rounding.9aec02a9a0"
[0m11:48:15.048953 [debug] [Thread-3 (]: Began executing node test.sweden_power_lakehouse.not_null_source_reconciliation_scb_mwh.22dcb0c39f
[0m11:48:15.050513 [debug] [Thread-3 (]: Finished running node test.sweden_power_lakehouse.not_null_source_reconciliation_scb_mwh.22dcb0c39f
[0m11:48:15.051835 [debug] [Thread-2 (]: Began executing node test.sweden_power_lakehouse.not_null_source_reconciliation_within_rounding.9aec02a9a0
[0m11:48:15.053171 [debug] [Thread-2 (]: Finished running node test.sweden_power_lakehouse.not_null_source_reconciliation_within_rounding.9aec02a9a0
[0m11:48:15.068011 [debug] [MainThread]: Command end result
[0m11:48:15.488554 [debug] [MainThread]: Wrote artifact WritableManifest to C:\Users\Mirela\Desktop\sweden-power-lakehouse\dbt\target\manifest.json
[0m11:48:15.496789 [debug] [MainThread]: Wrote artifact SemanticManifest to C:\Users\Mirela\Desktop\sweden-power-lakehouse\dbt\target\semantic_manifest.json
[0m11:48:15.552258 [debug] [MainThread]: Wrote artifact OsiDocument to C:\Users\Mirela\Desktop\sweden-power-lakehouse\dbt\target\osi_document.json
[0m11:48:15.572007 [debug] [MainThread]: Wrote artifact RunExecutionResult to C:\Users\Mirela\Desktop\sweden-power-lakehouse\dbt\target\run_results.json
[0m11:48:16.283040 [debug] [MainThread]: Databricks adapter: DatabricksDBTConnection(session-id=None, name=generate_catalog) - Creating connection
[0m11:48:16.283996 [debug] [MainThread]: Acquiring new databricks connection 'generate_catalog'
[0m11:48:16.284685 [info ] [MainThread]: Building catalog
[0m11:48:16.296631 [debug] [ThreadPool]: Databricks adapter: DatabricksDBTConnection(session-id=None, name=('workspace', 'gold')) - Creating connection
[0m11:48:16.298178 [debug] [ThreadPool]: Acquiring new databricks connection '('workspace', 'gold')'
[0m11:48:16.299786 [debug] [ThreadPool]: Databricks adapter: DatabricksDBTConnection(session-id=None, name=('workspace', 'bronze')) - Creating connection
[0m11:48:16.309375 [debug] [ThreadPool]: Acquiring new databricks connection '('workspace', 'bronze')'
[0m11:48:16.308768 [debug] [ThreadPool]: Using databricks connection "('workspace', 'gold')"
[0m11:48:16.310496 [debug] [ThreadPool]: Databricks adapter: DatabricksDBTConnection(session-id=None, name=('workspace', 'silver')) - Creating connection
[0m11:48:16.313905 [debug] [ThreadPool]: Acquiring new databricks connection '('workspace', 'silver')'
[0m11:48:16.315870 [debug] [ThreadPool]: Using databricks connection "('workspace', 'silver')"
[0m11:48:16.312625 [debug] [ThreadPool]: Using databricks connection "('workspace', 'bronze')"
[0m11:48:16.313348 [debug] [ThreadPool]: On ('workspace', 'gold'): /* {"app": "dbt", "dbt_version": "1.12.3", "dbt_databricks_version": "1.12.5", "databricks_sql_connector_version": "4.4.0", "profile_name": "sweden_power_lakehouse", "target_name": "dev", "invocation_id": "cf570a92-b963-4ce5-ad62-74db849500e6", "connection_name": "('workspace', 'gold')"} */

    
SELECT current_catalog()

  
[0m11:48:16.316745 [debug] [ThreadPool]: On ('workspace', 'silver'): /* {"app": "dbt", "dbt_version": "1.12.3", "dbt_databricks_version": "1.12.5", "databricks_sql_connector_version": "4.4.0", "profile_name": "sweden_power_lakehouse", "target_name": "dev", "invocation_id": "cf570a92-b963-4ce5-ad62-74db849500e6", "connection_name": "('workspace', 'silver')"} */

    
SELECT current_catalog()

  
[0m11:48:16.319502 [debug] [ThreadPool]: Opening a new connection, currently in state init
[0m11:48:16.318731 [debug] [ThreadPool]: Opening a new connection, currently in state init
[0m11:48:16.317678 [debug] [ThreadPool]: On ('workspace', 'bronze'): /* {"app": "dbt", "dbt_version": "1.12.3", "dbt_databricks_version": "1.12.5", "databricks_sql_connector_version": "4.4.0", "profile_name": "sweden_power_lakehouse", "target_name": "dev", "invocation_id": "cf570a92-b963-4ce5-ad62-74db849500e6", "connection_name": "('workspace', 'bronze')"} */

    
SELECT current_catalog()

  
[0m11:48:16.320716 [debug] [ThreadPool]: Opening a new connection, currently in state init
[0m11:48:17.056081 [debug] [ThreadPool]: Databricks adapter: Connection(session-id=01f1b27c-e7a4-17ef-97e6-fedc4568eaf8) - Created
[0m11:48:17.058644 [debug] [ThreadPool]: Databricks adapter: Connection(session-id=01f1b27c-e7a5-1a67-889c-e9dcd65ce8f4) - Created
[0m11:48:17.056762 [debug] [ThreadPool]: Databricks adapter: Connection(session-id=01f1b27c-e7a4-167c-8aea-91be6d83cea0) - Created
[0m11:48:17.428644 [debug] [ThreadPool]: SQL status: OK in 1.110 seconds
[0m11:48:17.432917 [debug] [ThreadPool]: Databricks adapter: Cursor(session-id=01f1b27c-e7a4-167c-8aea-91be6d83cea0, command-id=01f1b27c-e7c2-1193-9e60-4eac74cbaf40) - Closing
[0m11:48:17.447982 [debug] [ThreadPool]: Using databricks connection "('workspace', 'bronze')"
[0m11:48:17.448796 [debug] [ThreadPool]: On ('workspace', 'bronze'): /* {"app": "dbt", "dbt_version": "1.12.3", "dbt_databricks_version": "1.12.5", "databricks_sql_connector_version": "4.4.0", "profile_name": "sweden_power_lakehouse", "target_name": "dev", "invocation_id": "cf570a92-b963-4ce5-ad62-74db849500e6", "connection_name": "('workspace', 'bronze')"} */

    
SHOW TABLE EXTENDED IN `workspace`.`bronze` LIKE 'mimer_manifest|scb_raw_lines|mimer_production'

  
[0m11:48:17.450722 [debug] [ThreadPool]: SQL status: OK in 1.130 seconds
[0m11:48:17.455697 [debug] [ThreadPool]: SQL status: OK in 1.140 seconds
[0m11:48:17.458084 [debug] [ThreadPool]: Databricks adapter: Cursor(session-id=01f1b27c-e7a5-1a67-889c-e9dcd65ce8f4, command-id=01f1b27c-e7c1-1829-adbe-7dc2d71c59bd) - Closing
[0m11:48:17.460717 [debug] [ThreadPool]: Using databricks connection "('workspace', 'silver')"
[0m11:48:17.461934 [debug] [ThreadPool]: On ('workspace', 'silver'): /* {"app": "dbt", "dbt_version": "1.12.3", "dbt_databricks_version": "1.12.5", "databricks_sql_connector_version": "4.4.0", "profile_name": "sweden_power_lakehouse", "target_name": "dev", "invocation_id": "cf570a92-b963-4ce5-ad62-74db849500e6", "connection_name": "('workspace', 'silver')"} */

    
SHOW TABLE EXTENDED IN `workspace`.`silver` LIKE 'category_mapping|production_hourly|production_monthly'

  
[0m11:48:17.465084 [debug] [ThreadPool]: Databricks adapter: Cursor(session-id=01f1b27c-e7a4-17ef-97e6-fedc4568eaf8, command-id=01f1b27c-e7c0-1f0a-abf7-21ee87c044f9) - Closing
[0m11:48:17.467739 [debug] [ThreadPool]: Using databricks connection "('workspace', 'gold')"
[0m11:48:17.468485 [debug] [ThreadPool]: On ('workspace', 'gold'): /* {"app": "dbt", "dbt_version": "1.12.3", "dbt_databricks_version": "1.12.5", "databricks_sql_connector_version": "4.4.0", "profile_name": "sweden_power_lakehouse", "target_name": "dev", "invocation_id": "cf570a92-b963-4ce5-ad62-74db849500e6", "connection_name": "('workspace', 'gold')"} */

    
SHOW TABLE EXTENDED IN `workspace`.`gold` LIKE 'production_monthly|hourly_profile|excluded_months|source_reconciliation'

  
[0m11:48:18.548284 [debug] [ThreadPool]: SQL status: OK in 1.090 seconds
[0m11:48:18.553610 [debug] [ThreadPool]: Databricks adapter: Cursor(session-id=01f1b27c-e7a5-1a67-889c-e9dcd65ce8f4, command-id=01f1b27c-e7fe-1ce9-9e19-f51122ca10df) - Closing
[0m11:48:18.598551 [debug] [ThreadPool]: On ('workspace', 'silver'): Close
[0m11:48:18.600375 [debug] [ThreadPool]: Databricks adapter: Connection(session-id=01f1b27c-e7a5-1a67-889c-e9dcd65ce8f4) - Closing
[0m11:48:18.685944 [debug] [ThreadPool]: SQL status: OK in 1.220 seconds
[0m11:48:18.689658 [debug] [ThreadPool]: Databricks adapter: Cursor(session-id=01f1b27c-e7a4-17ef-97e6-fedc4568eaf8, command-id=01f1b27c-e7ff-1c36-ab58-a4eb1b3566d5) - Closing
[0m11:48:18.775749 [debug] [ThreadPool]: On ('workspace', 'gold'): Close
[0m11:48:18.776309 [debug] [ThreadPool]: Databricks adapter: Connection(session-id=01f1b27c-e7a4-17ef-97e6-fedc4568eaf8) - Closing
[0m11:48:19.154022 [debug] [ThreadPool]: SQL status: OK in 1.700 seconds
[0m11:48:19.163352 [debug] [ThreadPool]: Databricks adapter: Cursor(session-id=01f1b27c-e7a4-167c-8aea-91be6d83cea0, command-id=01f1b27c-e7fd-1756-99e0-8b16961380b0) - Closing
[0m11:48:19.189242 [debug] [ThreadPool]: On ('workspace', 'bronze'): Close
[0m11:48:19.191624 [debug] [ThreadPool]: Databricks adapter: Connection(session-id=01f1b27c-e7a4-167c-8aea-91be6d83cea0) - Closing
[0m11:48:19.399727 [debug] [MainThread]: Wrote artifact CatalogArtifact to C:\Users\Mirela\Desktop\sweden-power-lakehouse\dbt\target\catalog.json
[0m11:48:19.533588 [debug] [MainThread]: Wrote artifact WritableManifest to C:\Users\Mirela\Desktop\sweden-power-lakehouse\dbt\target\manifest.json
[0m11:48:19.539139 [debug] [MainThread]: Wrote artifact SemanticManifest to C:\Users\Mirela\Desktop\sweden-power-lakehouse\dbt\target\semantic_manifest.json
[0m11:48:19.546635 [debug] [MainThread]: Wrote artifact OsiDocument to C:\Users\Mirela\Desktop\sweden-power-lakehouse\dbt\target\osi_document.json
[0m11:48:19.547495 [info ] [MainThread]: Catalog written to C:\Users\Mirela\Desktop\sweden-power-lakehouse\dbt\target\catalog.json
[0m11:48:19.549617 [debug] [MainThread]: Command `dbt docs generate` succeeded at 11:48:19.549362 after 17.23 seconds
[0m11:48:19.550302 [debug] [MainThread]: Sending event: {'category': 'dbt', 'action': 'invocation', 'label': 'end', 'context': [<snowplow_tracker.self_describing_json.SelfDescribingJson object at 0x00000135390BC4D0>, <snowplow_tracker.self_describing_json.SelfDescribingJson object at 0x0000013527721180>, <snowplow_tracker.self_describing_json.SelfDescribingJson object at 0x00000135277219C0>]}
[0m11:48:19.551021 [debug] [MainThread]: Flushing usage events
[0m11:48:20.019272 [debug] [MainThread]: An error was encountered while trying to flush usage events
[0m11:48:30.055479 [debug] [MainThread]: Sending event: {'category': 'dbt', 'action': 'invocation', 'label': 'start', 'context': [<snowplow_tracker.self_describing_json.SelfDescribingJson object at 0x000001992BBF9FD0>, <snowplow_tracker.self_describing_json.SelfDescribingJson object at 0x000001992978CB90>, <snowplow_tracker.self_describing_json.SelfDescribingJson object at 0x000001992E5479D0>]}


============================== 11:48:30.063185 | 5581bec1-fc0a-4d0a-971d-4ed8325a059b ==============================
[0m11:48:30.063185 [info ] [MainThread]: Running with dbt=1.12.3
[0m11:48:30.064486 [debug] [MainThread]: running dbt with arguments {'maximum_seed_size_mib': '1', 'no_print': 'None', 'static_parser': 'True', 'warn_error_options': 'WarnErrorOptionsV2(error=[], warn=[], silence=[])', 'version_check': 'True', 'target_path': 'None', 'printer_width': '80', 'write_json': 'True', 'empty': 'None', 'log_cache_events': 'False', 'introspect': 'True', 'cache_selected_only': 'False', 'fail_fast': 'False', 'debug': 'False', 'log_format': 'default', 'partial_parse': 'True', 'send_anonymous_usage_stats': 'True', 'quiet': 'False', 'warn_error': 'None', 'profiles_dir': '.', 'indirect_selection': 'eager', 'hints_enabled': 'True', 'invocation_command': 'dbt docs serve --profiles-dir .', 'use_experimental_parser': 'False', 'use_colors': 'True', 'log_path': 'C:\\Users\\Mirela\\Desktop\\sweden-power-lakehouse\\dbt\\logs'}
[0m11:48:31.836305 [debug] [MainThread]: Spark adapter: Setting pyhive.hive logging to ERROR
[0m11:48:31.836957 [debug] [MainThread]: Spark adapter: Setting thrift.transport logging to ERROR
[0m11:48:31.837434 [debug] [MainThread]: Spark adapter: Setting thrift.protocol logging to ERROR
[0m11:48:33.507773 [debug] [MainThread]: Sending event: {'category': 'dbt', 'action': 'project_id', 'label': '5581bec1-fc0a-4d0a-971d-4ed8325a059b', 'context': [<snowplow_tracker.self_describing_json.SelfDescribingJson object at 0x000001993ADD55B0>]}
[0m11:48:33.624650 [debug] [MainThread]: Sending event: {'category': 'dbt', 'action': 'adapter_info', 'label': '5581bec1-fc0a-4d0a-971d-4ed8325a059b', 'context': [<snowplow_tracker.self_describing_json.SelfDescribingJson object at 0x000001992C7D4F30>]}
[0m11:59:32.993740 [error] [MainThread]: [[31mERROR[0m]: Encountered an error:

[0m11:59:33.058904 [error] [MainThread]: Traceback (most recent call last):
  File "C:\Users\Mirela\Desktop\sweden-power-lakehouse\.venv\Lib\site-packages\dbt\cli\requires.py", line 198, in wrapper
    result, success = func(*args, **kwargs)
                      ~~~~^^^^^^^^^^^^^^^^^
  File "C:\Users\Mirela\Desktop\sweden-power-lakehouse\.venv\Lib\site-packages\dbt\cli\requires.py", line 144, in wrapper
    return func(*args, **kwargs)
  File "C:\Users\Mirela\Desktop\sweden-power-lakehouse\.venv\Lib\site-packages\dbt\cli\requires.py", line 295, in wrapper
    return func(*args, **kwargs)
  File "C:\Users\Mirela\Desktop\sweden-power-lakehouse\.venv\Lib\site-packages\dbt\cli\requires.py", line 340, in wrapper
    return func(*args, **kwargs)
  File "C:\Users\Mirela\Desktop\sweden-power-lakehouse\.venv\Lib\site-packages\dbt\cli\requires.py", line 387, in wrapper
    return func(*args, **kwargs)
  File "C:\Users\Mirela\Desktop\sweden-power-lakehouse\.venv\Lib\site-packages\dbt\cli\main.py", line 323, in docs_serve
    results = task.run()
  File "C:\Users\Mirela\Desktop\sweden-power-lakehouse\.venv\Lib\site-packages\dbt\task\docs\serve.py", line 29, in run
    httpd.serve_forever()
    ~~~~~~~~~~~~~~~~~~~^^
  File "C:\Users\Mirela\AppData\Local\Python\pythoncore-3.14-64\Lib\socketserver.py", line 235, in serve_forever
    ready = selector.select(poll_interval)
  File "C:\Users\Mirela\AppData\Local\Python\pythoncore-3.14-64\Lib\selectors.py", line 314, in select
    r, w, _ = self._select(self._readers, self._writers, [], timeout)
              ~~~~~~~~~~~~^^^^^^^^^^^^^^^^^^^^^^^^^^^^^^^^^^^^^^^^^^^
  File "C:\Users\Mirela\AppData\Local\Python\pythoncore-3.14-64\Lib\selectors.py", line 305, in _select
    r, w, x = select.select(r, w, w, timeout)
              ~~~~~~~~~~~~~^^^^^^^^^^^^^^^^^^
KeyboardInterrupt

[0m11:59:33.061627 [debug] [MainThread]: Command `dbt docs serve` failed at 11:59:33.061353 after 663.30 seconds
[0m11:59:33.062343 [debug] [MainThread]: Sending event: {'category': 'dbt', 'action': 'invocation', 'label': 'end', 'context': [<snowplow_tracker.self_describing_json.SelfDescribingJson object at 0x000001993B06D750>, <snowplow_tracker.self_describing_json.SelfDescribingJson object at 0x000001993B06DA50>, <snowplow_tracker.self_describing_json.SelfDescribingJson object at 0x000001993B0985F0>]}
[0m11:59:33.063144 [debug] [MainThread]: Flushing usage events
[0m11:59:33.549745 [debug] [MainThread]: An error was encountered while trying to flush usage events
